image_path,label,feature_0,feature_1,feature_2,feature_3,feature_4,feature_5,feature_6,feature_7,feature_8,feature_9,feature_10,feature_11,feature_12,feature_13,feature_14,feature_15,feature_16,feature_17,feature_18,feature_19,feature_20,feature_21,feature_22,feature_23,feature_24,feature_25,feature_26,feature_27,feature_28,feature_29,feature_30,feature_31,feature_32,feature_33,feature_34,feature_35,feature_36,feature_37,feature_38,feature_39,feature_40,feature_41,feature_42,feature_43,feature_44,feature_45,feature_46,feature_47,feature_48,feature_49,feature_50,feature_51,feature_52,feature_53,feature_54,feature_55,feature_56,feature_57,feature_58,feature_59,feature_60,feature_61,feature_62,feature_63,feature_64,feature_65,feature_66,feature_67,feature_68,feature_69,feature_70,feature_71,feature_72,feature_73,feature_74,feature_75,feature_76,feature_77,feature_78,feature_79,feature_80,feature_81,feature_82,feature_83,feature_84,feature_85,feature_86,feature_87,feature_88,feature_89,feature_90,feature_91,feature_92,feature_93,feature_94,feature_95,feature_96,feature_97,feature_98,feature_99,feature_100,feature_101,feature_102,feature_103,feature_104,feature_105,feature_106,feature_107,feature_108,feature_109,feature_110,feature_111,feature_112,feature_113,feature_114,feature_115,feature_116,feature_117,feature_118,feature_119
Images/kneeslide/KneeSlide_009.jpg,kneeslide,-0.12797656924960418,-0.2674420418243909,-0.44094518782926295,-0.09753953417095709,-0.30609500801917405,-0.4594155339127166,-0.0819982323404107,-0.30198553824035945,-0.4594401328767965,-0.06788304366546472,-0.2970785624933598,-0.4599916042182624,-0.12152627005780661,-0.310476053010489,-0.37158112249968156,-0.12637000255088493,-0.3100182644327806,-0.3714866036540049,-0.13145297309240503,-0.3093968651919781,-0.3717306547894827,-0.005336349151461646,-0.25449317049712833,-0.3852934406939785,-0.09166047109633625,-0.2762275078490618,0.013594136214695504,-0.09913039466560086,-0.21315450284784582,-0.4027309645111304,-0.12984463321623282,-0.21808091205347513,-0.2870584134709187,0.10365760367815416,0.0,-0.4891370985722742,-0.10365760367815416,0.0,0.4891370985722742,0.1453275742539031,0.44431672727179794,-0.6232708379294207,-0.0694045286337186,0.3588165984852017,0.5980438399034476,0.025864045844964878,0.7635783827137617,-0.6761380224378633,-0.046310535811603826,0.6547710624464995,0.3312748842920717,0.025656479939689614,0.8344183207690783,-0.8232501217675738,-0.05088844558807651,0.7278021759504995,0.28789658306493576,-0.020250454617717434,0.8341419183533458,-0.8274768655086129,-0.05116989363857577,0.7178777811470773,0.1666000938619493,-0.016888307934316282,0.8048279722277727,-0.6762281295128083,-0.04073227399652585,0.6948600854918623,0.270404814521287,0.06865393569045083,0.5793238691266609,0.3750195296024687,-0.05091408663304767,0.5417673484115739,1.0671112837238852,-0.1690755324111599,1.0162450251561586,-0.014836517590754326,-0.22352659258098792,1.047976274875782,0.7792138066069261,0.12058562740160253,1.0112664232064765,0.8530098382172092,0.04784855594044371,0.9612348137541686,1.6726992766454656,0.1534022055972103,0.9741908207819757,0.9467383920390846,0.0899793649342687,0.9030126651561171,1.7735808315474728,0.21206294331805803,1.1177940038537677,1.0370657212955898,0.10964193632605862,1.088377241696159,1.888166816932469,2.680613919050116,2.1159758959965633,1.2779489286363,0.5219488876085919,1.4558457235342397,1.777021370437977,0.7841490463311054,0.9135909677807948,1.015839046220955,1.0686373192616547,1.2055995149690164,1.0202369924686219,0.7352638022554906,1.3284677099335187,1.9298146858102363,0.2684616659406397,2.218146398388137,1.075006758206338,0.6687866479754858,2.6628469001334154,0.23995372970767234
Images/kneeslide/KneeSlide_008.jpg,kneeslide,-0.18350772054215325,-0.4282320427879385,-1.2246590716086785,-0.1580551104907033,-0.5765764020699639,-1.1993315054303508,-0.12200199211638814,-0.5958044433876796,-1.1987987088081986,-0.08399056840316166,-0.612815602691069,-1.2003718628106304,-0.24791918364514673,-0.5120383930783934,-1.123643462265457,-0.2740363725614463,-0.4906785885879452,-1.1244175990520129,-0.29943286927241475,-0.47262220847731873,-1.1243472229805078,0.032587784768966524,-0.5917952238899284,-0.6256737542060664,-0.30370340411371444,-0.4508476610940453,-0.2588706483266075,-0.08798323233500159,-0.3234813535183252,-0.9866528847337755,-0.20047659472660112,-0.26550586310337526,-0.8778418814499005,0.4984986113911867,0.0,-0.03871865753172026,-0.4984986113911867,0.0,0.03871865753172026,0.9725243888926988,-0.7129564973468334,-0.39401669745891715,-1.1383048772143252,-0.4587580892563005,-0.16426814735796236,1.400554433160708,-1.5064524331115543,-0.7248375487384726,-1.6421992409042725,-1.1425851006956642,-0.8541663757784193,1.4772885868827619,-1.8579228852755423,-0.8474767392036865,-1.8509880024800611,-1.378202064620669,-1.0210060043652773,1.4717184622740644,-1.891430973373383,-1.0426921419952742,-1.8404387416725105,-1.4311476469327058,-1.1610124453652446,1.461902814264848,-1.7770290612597215,-0.8531789781691207,-1.7627270286619905,-1.3309698605976,-0.9589311103854569,0.28000206411649237,2.005145077268416,2.3800904840195813,-0.3474834015636764,1.8964585129012947,2.3276770772697524,0.6831063366645064,3.2688975831217113,0.8127468587853393,-0.7303475866037036,3.2815334566337304,0.9516871733889455,0.2948201404484352,2.463299472847457,3.534191409918931,-0.5400261299411178,2.5062891545852364,4.302950380535959,0.2175911495674952,2.2348700982626024,3.871208820979303,-0.4743433434499742,2.3210483915482456,4.697670927568604,0.20629047953845792,2.780925585385106,4.243431239799357,-0.46486461406783913,2.9069179720373177,5.276527089064593,3.0462532397976596,2.6308325058559325,2.531402125766266,2.203671711240133,1.3612543815128817,1.4725805571466224,0.39011449965847533,0.573378150138109,3.0671607884391916,1.980311508734838,1.665936997782942,2.180903740547719,2.175297509921052,4.318017152593232,5.0088417348490175,0.3544973925491507,2.7159946241346953,0.25097733355882235,0.2532651510977111,3.0963350748376226,0.28288163589648474
Images/kneeslide/KneeSlide_006.jpg,kneeslide,-0.14687258210287868,-0.4296033216609293,-0.6985912865739389,-0.1267288457544912,-0.5002562255829023,-0.6554903714270155,-0.10413565680715485,-0.5008149708390532,-0.6555428098508058,-0.07869700829727305,-0.5026908076666045,-0.6562571555034741,-0.1695419176764347,-0.49814524449860287,-0.5646350424343503,-0.18073325066512577,-0.4965964062155466,-0.5642470692615574,-0.1912811934428826,-0.49522199238321046,-0.5642655717079499,0.002021528492508029,-0.48063938982567506,-0.384362438170139,-0.16017617389267336,-0.4621897705042234,0.04303237603660881,-0.09095070537389084,-0.35143881332167193,-0.6027744554178682,-0.14840938340633467,-0.3522556396161451,-0.47793295669386965,0.21866954082098256,0.0,-0.44964834250460733,-0.21866954082098256,0.0,0.44964834250460733,0.457929341457,0.6023163563297766,-0.5444173392025986,-0.30461556761954517,0.5144284183247488,0.49693970594315606,0.3290481311411601,1.0077206804511794,-0.8654823745395656,-0.3528885033231649,0.8985059855257091,-0.04857866225090033,0.29942717993542883,1.1418738690952128,-1.0476997593800639,-0.3732892708758575,1.026730989980778,-0.12854509931006022,0.2529230802359419,1.1084888926290737,-1.119951901496862,-0.36189362137005443,1.002714518313222,-0.2677324786009031,0.25057949139586694,1.0692041834877815,-0.8883971651493014,-0.3367539120998396,0.9628446895834255,-0.1185240333725289,0.049014810042182874,0.9440576962512722,-0.3552891794419134,-0.2416678289624652,0.8724964794548185,0.11297237950986282,-0.12257178616374181,1.5319474695313358,-2.0784878602255503,-0.6739270268946467,1.6057754327978098,-0.0867561753741803,0.05088173556626635,1.385533574109918,-1.5141098728126556,-0.301380442678748,1.346457390131166,1.0374796929391774,0.027834318986637824,1.295428980650044,-1.437587223741957,-0.24802138602864987,1.2549166454847183,1.1507455319233137,0.15811656861905762,1.4426858268233198,-1.5852175318751942,-0.20969239129173947,1.4651789721449502,1.1971889851742983,2.3438480198515768,2.096962719437228,0.6054082437386338,0.4784813591267236,1.8122781079667738,2.639510475030038,0.20854901482851312,0.9966438689901658,1.0697182330703707,1.5232378171463028,1.492927762288363,1.3685150284359768,0.9665418709136591,2.0530029086557073,1.726308717445764,0.28894655120824286,2.6346572632445255,0.9027521523036651,0.5751959648414385,2.968661903995006,0.3623690920422448
Images/kneeslide/KneeSlide_012.jpg,kneeslide,0.003251283538654795,-0.5916185985339276,-0.626064660880637,-0.016665229782906646,-0.6528734639534822,-0.4911476714937434,-0.008729783848258926,-0.6518723228983094,-0.4914111915897225,0.0004867347251381188,-0.6495156250177062,-0.4919960330774855,-0.056420715038765876,-0.6474490691548253,-0.5823329628239965,-0.07814738307149761,-0.6422193012997323,-0.5824556997003828,-0.10303450755311527,-0.6341285048160925,-0.5823433856743273,-0.016072209126232875,-0.5918744619717669,0.10257612311824627,-0.15743851249028168,-0.5640463209245329,-0.3192067812829225,0.0252959816711531,-0.4882794682678546,-0.40790013488625687,-0.016190091206878587,-0.4720198574089018,-0.5291412846881856,0.2307971374532382,0.0,0.44354557978114384,-0.2307971374532382,0.0,-0.44354557978114384,0.5021866401881261,0.6885134504518515,0.5195634632108969,-0.32019772247320444,0.5384831140960876,-0.9667378748613797,0.9184291682250967,0.7122865374674028,-0.09592416695166371,-0.18226074326693592,0.5327724500242033,-1.7598417731310512,1.0173006881513162,0.7323027501949413,-0.1558698792800974,-0.14484809559002346,0.5376479078024307,-1.9278732315590708,1.0220137958462971,0.6880979270838621,-0.3627410193233373,-0.13683986543468327,0.44703847795342144,-1.9002416710000742,0.9809220878913557,0.6828403904749295,-0.1999500565725716,-0.1438043313997249,0.4463106142149562,-1.7545616957624006,0.5219650619144546,1.1897662826321986,-0.026519724742534657,0.2522863417309668,1.2888468021950932,-0.7566914311306925,1.0457661347277376,1.9971059311920383,-0.567071626968494,0.4268054584350628,2.206403056862749,-1.1679079094185136,0.5866531695093703,2.0000955912009513,0.8524462012848912,-0.011872590642994119,2.1448714978114523,0.27044668643815983,0.4805772368349132,1.906455689342266,1.0142558023972854,-0.057072405620354594,2.038222449128696,0.44008513911484404,0.5748251733676367,2.2891517630130878,1.1387456744715703,-0.21736483434876236,2.3169686557976963,0.5531507518796785,1.7206041675697064,2.2868326089447817,0.4872848583378157,0.7023849803454867,2.805552666071682,2.891319937031085,0.9140747658856269,1.0795756221929445,2.003088961829865,1.6789187316880632,1.6075199788587573,1.1662185448316775,1.8477306428422002,2.2519344664803,2.1618871642011985,0.7012764101761711,2.8891038022375155,0.22791425389510242,0.5618156422515047,2.6053942384143856,1.023414908133693
Images/kneeslide/KneeSlide_013.jpg,kneeslide,0.290758635461917,-0.3906505028378237,-0.5302258541727942,0.3378722491373555,-0.4838092080795002,-0.36929496500063697,0.35024095277820433,-0.48352096358111285,-0.36946878209880113,0.36235084594093325,-0.4833659317040815,-0.3697934206573297,0.2921207283976415,-0.49428335676730845,-0.47654263530615526,0.26664227053180967,-0.5016169508506145,-0.47647786046502616,0.2399103965286274,-0.5083205556852627,-0.47675938626838693,0.3438089196658892,-0.4684245647408634,0.329279140035275,0.1555641333182647,-0.4923547626132595,-0.14251796973958367,0.26659665091134777,-0.29616782273684017,-0.2697722189759445,0.2074173982505494,-0.30921247999338514,-0.4077466962877582,0.24510573611090808,0.0,0.4358017647113535,-0.24510573611090808,0.0,-0.4358017647113535,0.4429999939137363,0.2156787156147407,-0.5195024548460181,-0.3305469626972598,0.28779159950295374,-1.37137414954226,0.4042561584319545,-0.249374109391237,-1.6369104712059546,0.0563372675674495,-0.41300771029682726,-1.7602546488749866,0.37819249288825446,-0.38512377829178557,-1.8248433782084879,0.09223833745980933,-0.5930186291688712,-1.8715884683789923,0.35118779539805356,-0.37920090119086575,-1.6651645315843717,0.07773172994800429,-0.5909233219744578,-1.8105194702320062,0.34373339626411675,-0.3487858882939117,-1.6095100791580794,0.07800794276476086,-0.5417392833372711,-1.7383477748371658,-0.23095185682252478,1.4081579812757974,-0.33649820907298744,-0.5449256402124465,1.444786648009214,-1.0841439318270432,-0.25239276889164686,2.5657276791428867,-1.0022365599213885,-0.6442990145116427,2.4432061651568846,-1.7930574871000458,-0.6618935587397943,2.319978276635159,0.20069345312800285,-0.8307818156095035,2.293193844056812,-0.3762984865253378,-0.6822312206923447,2.1730079606119155,0.3598828537017496,-0.8603754357093509,2.158452851855378,-0.19069353819924598,-0.8581925417072649,2.523853832254855,0.5183765955749846,-0.9328775980414064,2.5300548559066627,0.0306372313535364,2.486572900107249,1.7189596056482193,0.9691621934809597,0.8476192735504761,2.8687487967579295,2.9206646602542135,0.8984789862531861,0.8719509911975569,0.4037787712727937,1.1214238933799483,1.2523673815008942,1.7044313945737253,1.8089349588549604,2.4208841668466325,2.4679013316031786,0.75461179998083,2.1443084898741365,0.45796867195150875,0.2807269062106065,2.7408004705526285,0.44220387306312314
Images/kneeslide/KneeSlide_007.jpg,kneeslide,0.06460816299667722,-0.8074102540770831,-0.7986881877077971,0.05484175166651498,-0.853752844153744,-0.6447645255584292,0.06615241909791425,-0.8487354043021463,-0.6452857190031696,0.07658198446474576,-0.8441738451943563,-0.6459750592340292,0.00504115558527355,-0.8535988284663507,-0.7245658815905015,-0.016783064068405244,-0.8467804390508122,-0.7248682994365988,-0.04920146889934339,-0.8360286231138294,-0.7252063175912591,0.05363058106422498,-0.7513433564159792,0.04910550580856466,-0.13345630685090548,-0.7108497646144653,-0.29354660181889497,0.09435302029003809,-0.675073264456201,-0.5538850679714183,0.031065365603534463,-0.6744384376526195,-0.652470206187663,0.3207893603667207,-1.734723475976807e-18,0.38352859903208025,-0.3207893603667207,1.734723475976807e-18,-0.38352859903208025,0.8059753268181361,0.3700021736449445,-0.3933231801196418,-0.5358611676710203,0.48927425131535995,-1.550226715451909,1.0880705745363233,-0.14286476103114687,-1.5261616459700875,-0.48849973982078776,-0.12179994774995562,-2.772015015936131,1.168821141787288,-0.2997338005963843,-1.6570187718598193,-0.4904082883133187,-0.31648578343241596,-2.979784083194775,1.1340020838238705,-0.3656300314485264,-1.6301441112440724,-0.489752565195121,-0.40578784740418616,-2.8766456778317715,1.1028423696214196,-0.32022781169732434,-1.5483126753326995,-0.46863958591254506,-0.3247780151251802,-2.7525178725516537,0.28202715427823694,1.4175512570668043,0.8468760231922816,-0.125413253849407,1.4573948467848095,0.3261405166771251,0.862247217356035,2.163876968290946,-0.10248165512049777,0.09323687656646758,2.2305688162207757,-0.8950312455913264,0.3209113178669402,1.852459527003996,1.7782803057569545,-0.11872872776672233,1.8921868851718555,1.4366551869616386,0.22887942164891967,1.7090254940259981,2.0095868434608275,-0.15805002920966524,1.7922308890340977,1.7259441566356148,0.23843762699940715,2.004723820124087,2.3526404092391755,-0.17283732025704876,2.090564995623074,2.1751131265902592,2.287203887313051,2.2605895238073375,1.471742031581265,1.6457610988873859,1.8733734342404307,1.6980543313467367,0.4984177289735322,0.42153668544543543,2.009519420639273,1.4206736615557813,2.1610202718407825,1.8797545809882783,2.8173630351185235,2.587831373750232,2.3787487983049522,0.3133762274387391,2.446935995994387,0.32597589258045256,0.4648939004923032,2.3867055979134038,0.4593692018537592
Images/kneeslide/KneeSlide_011.jpg,kneeslide,0.19263849102540057,-0.18408745852995673,0.02231850384730576,0.18642228399868205,-0.217662708091487,0.06281201280327785,0.18442461308513985,-0.2184254294446958,0.06274751789663013,0.18139863537969186,-0.21922767382669212,0.06267751807522101,0.1790886211947615,-0.21537487761734855,-0.03638397508138987,0.17154848559309582,-0.21458293063431239,-0.036424671582160915,0.1629959585229024,-0.21387033452514842,-0.03649420371582569,0.12343648200508933,-0.2062056006761044,0.23624659112934202,0.11144950959717434,-0.19916258582268778,-0.2070337105672011,0.17169437285941286,-0.14362677029725257,0.09356214464605106,0.16264903821741172,-0.143764553021398,-0.034358020775955886,0.015923604248073705,0.0,0.49974637450185744,-0.015923604248073705,0.0,-0.49974637450185744,-0.06972348466686987,0.2303511259812138,0.5621070916328698,-0.1093883209533888,0.22135148361783952,-0.5305350407479605,-0.02091588527908589,0.3714923732006514,0.3569162241186695,-0.030874505612859565,0.3962830599115901,-0.31074998483818955,-0.01627913995376995,0.43716342781106543,0.360124010020063,-0.03942082772127509,0.45294400667552626,-0.3487450138596733,-0.02138647360252327,0.41988545240737596,0.2932610699834791,-0.012351722515816205,0.4369390470746981,-0.32838518628572433,-0.01041464210131296,0.40730422845735226,0.3176299015680107,-0.006576532116174177,0.415738903670183,-0.2905522532362265,-0.04513901040725379,0.5720868444827829,0.20333587991387053,-0.028921856838828808,0.5695841919210429,-0.4245898126894517,0.0538511676560911,0.9030739970793513,0.31783764693065053,0.07168822147409365,1.0394932121194445,-0.5950713185935149,-0.24462497040219613,0.8543918688879921,0.44801790187673246,-0.24553535840180962,0.8652457296536469,-0.1461830881595997,-0.26494548299250875,0.7997683870682695,0.4510225732908564,-0.24031922714767429,0.7861400468717193,-0.09037535869108032,-0.366474331836501,0.8712237500094497,0.5488992217157121,-0.40572105021240673,0.8642357289529795,0.1042945663333767,1.8146497312602647,1.9266659061426408,0.7636765081902451,0.4560684004600519,2.257672998244702,2.616393202133319,1.311252301351686,0.8667442518957278,0.6682005079685112,0.6828104096126558,0.7054945899846183,0.5155901944785105,0.5045384541803196,0.9952622177939946,0.911211984212924,0.9717938902411956,2.9366713699136997,0.2195819731561088,0.5499862177965361,1.9121939521719085,1.0512468644681796
Images/kneeslide/KneeSlide_005.jpg,kneeslide,0.021211713511537313,-0.46270122903702265,-1.7529599243846936,0.07860232233490284,-0.5576975709220097,-1.6348013449805578,0.11005326368379888,-0.556236104666233,-1.6357051182796096,0.13597021250874133,-0.5563365786150195,-1.636505661261423,-0.030311052147763987,-0.5641387567942687,-1.650019790006446,-0.07167671961427491,-0.567760031453652,-1.6492627338118158,-0.1099052372482407,-0.5710492464075552,-1.6493595630365485,0.1831616284442757,-0.5273991573335054,-0.7171718143509416,-0.16348678990454282,-0.5439066535423982,-0.8068418235342137,0.0825703200879563,-0.35602895912856813,-1.388671920988551,-0.040675442939027986,-0.3543682458408371,-1.4168359151775067,0.4961614782700009,0.0,0.0618367809715818,-0.4961614782700009,0.0,-0.0618367809715818,0.817260053300161,0.6632271514430587,-0.29759229153963407,-0.7260152480635581,0.6983006777180799,-0.4115194185822593,1.1829331448324674,0.35788771678378206,-1.7897347088544855,-1.176642122193407,0.7455485115283165,-1.9482828611106915,1.289335419643439,0.24944898999074633,-2.051494889513477,-1.3314882572759446,0.7266377479042423,-2.1246055263955115,1.2651869457648441,0.1808142345270604,-2.082612124254455,-1.3404416483510118,0.6679164865095876,-2.3355160378152395,1.2226162259204463,0.20048634423411793,-1.8549843977206641,-1.2783677731855017,0.6751542829245719,-2.0777359142299363,0.39976978718923234,1.2073653555087225,0.022842871721106193,-0.249542225732498,1.2279541315568807,-0.03462797838130153,0.38398164141452906,2.2437608418874233,-1.027946074769638,-0.1968714744845183,2.215255274269657,-1.5159866027922428,0.4094872670284052,3.256227223447696,-0.4580332366893797,-0.21686279251860296,3.343112513661221,-1.5135835513818017,0.40447510181643687,3.408589567586593,-0.45136975019302633,-0.2373894314854721,3.4988333416739366,-1.5489100632709658,0.3688835970346163,3.582808511029008,-1.4596505876475385,-0.10298734584026395,3.6873954350171156,-2.8046275192513748,1.9298349699279183,2.113805452904355,0.6617365802480698,0.6827025799459492,2.3794278150990826,2.1307277123754225,1.8362841402190806,2.1555185801495074,2.396458605761019,1.4227843430282923,1.7125630782253027,2.174986154219468,2.395023042406806,3.31368224162976,3.676189048021165,0.18984245407697312,2.809190665323617,0.6164547638577867,0.33355971186405414,2.90063517462369,0.33681406086417987
Images/kneeslide/KneeSlide_004.jpg,kneeslide,0.11268767420407805,-0.25843261446366583,-1.1934495756075907,0.11890407184382482,-0.30426929799308255,-0.9829926466845275,0.13393313394668094,-0.30313193293569834,-0.9825544179793406,0.14965389623520756,-0.3015128369587081,-0.9830009303578144,0.05843302253884737,-0.3052008198707484,-1.0714736058722827,0.026135457212135574,-0.304800732302346,-1.0713483209108938,-0.008850384927325029,-0.3039580206768823,-1.0710512728644845,0.13986818347165153,-0.2716093296509148,-0.02308470563891,-0.08800194281065984,-0.2806988266570408,-0.43283519431553663,0.13222703224546342,-0.19658403808739844,-0.8548032503348075,0.06596715264356266,-0.19928981719613126,-0.9738340831686175,0.27410800193334617,3.469446951953614e-18,0.4181683910533037,-0.27410800193334617,-3.469446951953614e-18,-0.4181683910533037,0.7675075143951025,0.0926210122133653,-0.1523138261218285,-0.7736322233176895,-0.04754649512583518,-0.9561461123170961,0.45673858283745905,-0.15340867420522003,-0.9602569187682137,-0.3567927376576134,-0.24980404807308795,-0.6746002664266987,0.3762131063229965,-0.22044543833606,-1.108117083918069,-0.26254683375372456,-0.3041407034473655,-0.7056935490403786,0.33255126265720397,-0.20953633735814503,-0.9314688257121541,-0.22576542759516252,-0.2813056256303751,-0.5339235460331597,0.3311289168671645,-0.18062757422596062,-0.9120663583732919,-0.2392792802926104,-0.25744243132081135,-0.5910533988732548,0.3944646943852591,0.8012117819553899,0.14852698965530306,0.08055614994025331,0.8217766726217529,-0.7675018414465042,0.9271801350419885,1.3997036500617266,-0.31471972696970457,0.11493183682947289,1.3802550934743651,-1.2068400215344448,0.2852085457037544,1.2394502777155956,1.6390413693195383,-0.47901695361136604,1.2315976055992541,0.37741697225959114,0.1725142744616145,1.1573308207892865,1.8736799525253085,-0.5115092102615282,1.1351437974651066,0.5726419275191883,0.18850433309736425,1.3743650440282884,2.077489838119846,-0.7202789926047678,1.3251039912556557,0.7182903966780351,2.000329170813102,0.49973344528475,1.1119194911553123,1.6108483113006618,2.579140033779609,2.7233847376440314,0.7905529795809721,0.8477798428158291,0.8675972571167704,0.428695545769573,0.6997791901144739,1.0743545524713887,0.8029873221551439,2.0746174384239096,1.3743120005713865,1.1846702657851256,1.805438141881424,0.25224650967365136,1.1157964199861303,2.832017726229857,0.22939114946479472
Images/kneeslide/KneeSlide_010.jpg,kneeslide,-0.3439621462768722,-0.37291660242910357,-0.26513196490371177,-0.3295826401327151,-0.42381773415406687,-0.3048221191552647,-0.3208995216708696,-0.4203514317832017,-0.30507023925544674,-0.29820241772063183,-0.4129933478363108,-0.30553159880404607,-0.34206705237316476,-0.4248172212422944,-0.2112998998870881,-0.33789646810910184,-0.42134308714809277,-0.21113376729827057,-0.33349170171784664,-0.41725036727858006,-0.21131004044770424,-0.19067558061588571,-0.3653512376935799,-0.34642905511987604,-0.2586108964292642,-0.3738120507119163,0.07645814144715232,-0.2723736563415128,-0.2845680959852835,-0.2698688293322304,-0.29110422536831226,-0.28981394180457776,-0.14709170399689564,0.10500828270267341,-6.938893903907228e-18,-0.48884891384131707,-0.10500828270267341,6.938893903907228e-18,0.48884891384131707,0.5676729545704526,0.5651035904334398,-0.5231820472516355,0.15393688056376012,0.4604673030974815,0.6873148689704299,0.5629838570076399,0.9697479680578099,-0.5087236215413762,0.3191022205129985,0.7452537605093859,0.4754330060853225,0.5645627618289016,1.0694771041565019,-0.6214127229948316,0.37429108700359265,0.8403597807966074,0.45388648133198256,0.5065448066125775,1.0371107768072405,-0.6313154479091402,0.34606675074376214,0.804912334255062,0.3667598071145768,0.48922364258371687,0.9996990722189976,-0.5015341079022756,0.3361545477540895,0.7740454525157684,0.4329477204711374,0.3140061522344225,0.7781490777813487,0.12129166355802211,0.17063172976162513,0.7290427066995269,0.6670434747652755,0.1793260233121431,1.2077238588291688,0.006636030513449961,0.1408341252126155,1.1805128869943613,0.5902384551251676,0.22349981505752436,1.343329862377195,0.829428425226168,0.17579871254045165,1.4654524707296308,1.13323904593462,0.25955240693889414,1.3571043018393236,0.917267579457697,0.21645049919517267,1.5146016468445627,1.1892355093323967,0.14930615955778315,1.4460374795834583,0.9301557285687174,0.08826155400934477,1.5844426825527953,1.1463266979899607,2.4392771666472184,2.210278232209725,0.7987781492888568,0.19731079475181346,2.097860246473335,2.563217289085156,1.4622305882522912,1.8804419591779202,1.038479739592283,1.6384859159901375,1.4961269302156266,1.231325167418267,0.9398222906300072,1.5945026807936833,1.8608296178127828,0.44959500610823067,2.0059955984329445,1.1157397536320526,0.8385803073265742,2.67987522940401,0.13962557564773537
Images/kneeslide/KneeSlide_014.jpg,kneeslide,0.1204951938921065,-0.5895292157879772,-0.9336628853328119,0.120278547028282,-0.667908004940187,-0.7484174338367053,0.1381240496471897,-0.6633569385826724,-0.7488916931635213,0.1594017460142017,-0.6582552828883986,-0.749887396191604,0.04711601859974655,-0.6588818084165294,-0.8007174479835288,0.01628745687829812,-0.6460650499375126,-0.8013566915821013,-0.016643991783397233,-0.6316730096866563,-0.8013325357590038,0.14660928266736953,-0.572756757343833,0.034761595751176204,-0.10574107317946277,-0.5192448821804982,-0.19595491805280213,0.1593903236292431,-0.4615013386371263,-0.668237171267695,0.07098544651778671,-0.4374024086516667,-0.733278335346163,0.43321861617247776,6.938893903907228e-18,0.24964300631422343,-0.43321861617247776,-6.938893903907228e-18,-0.24964300631422343,0.994835533738123,0.025920178465120222,0.1347001943422708,-0.9661425309787448,-0.1381383176040865,-0.46535627800273077,1.565483143388335,-0.2124525396978603,-0.36129943365113837,-1.4681978369791293,-0.3826053844519556,-0.9434882663777567,1.7595364713613668,-0.32373231772455857,-0.3859451368411477,-1.6913520873053824,-0.46049912940725823,-1.0353985966429569,1.7730578359505405,-0.3842496651341157,-0.5864573100931622,-1.6441780090278713,-0.5395311033063072,-1.209782382283232,1.702657573202611,-0.33962717854254004,-0.4823368554074128,-1.6039129345905359,-0.493229492133499,-1.0547736602718927,0.2453517095955023,1.7515892434136837,0.5502969839866778,-0.25019358593678026,1.7683025768587344,0.07486825364465068,0.8748173507304193,2.2037274482614437,-0.7055695127485586,-0.0220492736437905,2.0142758342934806,-2.560336706212987,0.16697267221497286,2.0626109980610843,0.740596658998756,0.22232519614123575,2.2108118539255166,-0.23367846308873125,0.09174777105056237,1.8964805800406535,0.9048984884930849,0.21506959554252525,2.132305354713427,0.04746747818109831,-0.06440383400621436,2.23603997145131,1.153196435671445,0.3798168632241926,2.3136830483645685,0.32024036952625207,2.525636421976134,2.766547438201751,1.6632378125871865,1.9664353245611594,1.6833149184426408,1.491881818761508,0.22415432854136358,0.25991321070680645,3.0937220492754016,1.5993051349450003,1.602142177344536,1.6206205091302919,1.7866622169605333,2.1978915837477677,2.2342164555853423,0.6061023244971501,2.912271091135136,0.12989471069484185,0.5693832133404069,2.90254006378828,0.2818914204393104
Images/kneeslide/KneeSlide_001.jpg,kneeslide,-0.12467936204950211,-0.41036978174176997,-1.2595674831312984,-0.08170128803233037,-0.5111049951551538,-1.194400775430078,-0.042534909963978226,-0.5212138339740008,-1.1945915811474404,-0.009116986454995507,-0.5295494242756363,-1.1954030201124186,-0.18159928692429136,-0.4907944737621291,-1.1147960017120004,-0.21089035479976703,-0.4851055197963731,-1.114605846099297,-0.2305785291300607,-0.4803324969368875,-1.1154370049055924,0.06012542895606557,-0.5203285237862838,-0.5519684350963495,-0.23565538122015528,-0.4613438335609445,-0.16439098991769138,-0.03283946312305049,-0.33079783776501975,-0.9959612041115827,-0.15808431014310315,-0.30610372326652585,-0.8863534502845103,0.41884387634451703,-1.3877787807814457e-17,-0.27307472832303414,-0.41884387634451703,1.3877787807814457e-17,0.27307472832303414,0.3385413371674769,0.7710799961359809,-0.44189379777347093,-0.5277940050625463,0.7180857142789732,-0.44708390831712463,-0.257963134576953,0.589895313220877,-0.8294241103643649,-0.016777372453603112,0.6487007288516561,-1.6743216867655273,-0.4029268503857605,0.5659179223852869,-0.9644306947559244,0.17221868211722324,0.6466681831442747,-1.903468843292397,-0.38944928150758995,0.4668713557058074,-0.9107542618469389,0.18017472196202683,0.5603105782510741,-1.7666512840229305,-0.34087772912553055,0.4749996769192437,-0.7805274636085441,0.13642701904293397,0.5431877134598584,-1.6318215280985688,0.27524546973648795,1.2609516539458039,0.4429745832249047,-0.220316565229971,1.2866524503328127,0.6979838782364438,0.5602479639308866,2.16597424382791,-0.5613806503466805,-0.5648113311489606,2.3403119884812553,0.0979394587090987,0.646691612090292,1.8509628344620424,2.162445618685911,-0.044651534391483394,2.5971127780000507,1.9026686728081716,0.7052788635773737,1.9500906036243062,2.4670642918608854,0.07082034408302496,2.601024933587763,2.10691519564076,0.7977770639665752,2.2551650949748665,2.535296026326868,-0.07059270450047195,2.9314068348532603,1.9074535514478304,1.5254781731993885,2.17928670758336,0.7281657388673979,1.1310496059450719,1.7612312781238615,2.2118296045632166,0.6592447845107547,1.14291351769417,0.8806137424359717,1.096958588714768,1.1424947418695794,1.0499837209283018,1.7956745881736136,2.918980046091715,3.219803816952248,0.5794026202555449,2.7184176340006636,0.7796905531154602,0.574144256668495,2.35204138638158,0.6533184405908624
Images/kneeslide/KneeSlide_015.jpg,kneeslide,0.17869364105626206,-0.13316951472719818,-0.43380582051907624,0.1848611320452057,-0.15818950810995625,-0.3371243736397063,0.19045401863042422,-0.15742666718764034,-0.33768614748932135,0.19515578801624625,-0.1567433899555883,-0.33811756600342485,0.1513085106830164,-0.16323690792256962,-0.4292466844997207,0.13178600019629935,-0.16708287303462968,-0.4293716471038059,0.10616669664431076,-0.1708063444848532,-0.42974416397379633,0.15332851379934895,-0.14920367357355713,0.09837349772023173,0.03486751922870827,-0.16948438383620124,-0.3290010605491466,0.15912167297535776,-0.10480949747269283,-0.27369715861151533,0.11928561615167103,-0.11126185456049845,-0.39770478434358225,0.1939299853090118,-8.673617379884035e-19,0.46085915505504116,-0.1939299853090118,8.673617379884035e-19,-0.46085915505504116,0.29810719792625745,0.20474583204953986,0.5196813726022211,-0.16245030119384268,0.253299416840061,-0.5314562854488744,0.5736565510067252,0.3019760647371594,0.14152295009255222,0.035879834093213325,0.43866760230846424,-0.6654114551436372,0.65429243824671,0.3329910490735313,0.0686320027909192,0.05089869380862647,0.49596147872480495,-0.7788435626362291,0.651970103486872,0.328927993043856,-0.04245230236827992,0.12219907387403865,0.4823367928079788,-0.811583114059645,0.5728689933183767,0.32455941524463733,0.07960234102884817,0.12682728413716982,0.4630959553926862,-0.6744978356844307,0.29863031563081927,0.3011710757665623,0.581493325101045,0.07030850389890911,0.36174082644033273,-0.07865693942294198,0.7680214978418458,0.44164305199111986,-0.047697035859267115,0.5445969552212319,0.5026960563299164,-0.8813998325357782,0.7498803858791709,0.561502413514327,0.668248496764508,0.3630298180873231,0.6023677068863752,0.3376907673400583,0.699336558499564,0.58023033413013,0.7353446752142039,0.27649536750692794,0.6053463221740873,0.4740559126802073,0.9139008405469335,0.6208599540810883,0.6627817082592304,0.45062356756184385,0.6891955240440382,0.49780503699096657,1.8056329240544806,2.4678827513917687,0.17071000749537837,1.0839112324978533,1.6280246702559271,1.3335709545881202,0.7020024900771062,0.44859361099549233,0.9793015409217765,0.8224053561701777,0.6332729600012797,0.6635511491889465,0.7978026275000517,1.1507222110208586,0.7801746967614256,0.4474350398998,2.9066946337422275,0.45620019860863226,0.43098428753291357,2.575872698409261,0.904829885247531
Images/kneeslide/KneeSlide_003.jpg,kneeslide,-0.11489682088544968,-0.22631044378161727,-0.10687451435202892,-0.09106598453838526,-0.2677482205961641,-0.15105234400843576,-0.08084369087892876,-0.26822396396746423,-0.1508727025465072,-0.06968343802250046,-0.2679687673015499,-0.1508973748962324,-0.10595052308046377,-0.2716750192488219,-0.05077820218065708,-0.10816448081384825,-0.2740312271785009,-0.05083732663356658,-0.11022738689200848,-0.2767835694091666,-0.050883903478264346,-0.019575603339704182,-0.2501112031854822,-0.23594411574960075,-0.07555132992395307,-0.25526887729595643,0.2181637416574688,-0.09320411779395461,-0.17488658491030348,-0.1318406103513074,-0.11416373554605813,-0.18027709690290655,-0.002587482884546647,0.0891191777111369,0.0,-0.49199367085775686,-0.0891191777111369,0.0,0.49199367085775686,0.05597882665010966,0.10000397269339611,-0.8846003050244258,-0.13184494007333925,0.08121253956480176,0.6391796370047261,-0.03640434713777083,-0.1658763997002725,-0.9248215401314025,-0.1421511594593871,-0.12011221371917527,0.63546898941552,-0.058457707549243794,-0.23617285456246617,-0.9822135619973161,-0.1447660242617522,-0.19018188000248656,0.6579607001508369,-0.05034506885764088,-0.2444066084585618,-0.9274885219552319,-0.13631200717139533,-0.19451767020922447,0.6624518827802734,-0.03820806953293427,-0.21600663549566618,-0.8959218765965383,-0.12647046168313844,-0.16784989740924433,0.6236009818073626,-0.06475061668089527,0.7227951336821365,-0.5577420307453913,-0.16389859061739004,0.6743163064642738,0.09205160651788938,-0.26133506350904745,1.2218000824202033,-0.8100247027598299,-0.41461848378006466,1.1650004503413427,0.007152321204343918,0.13558115146138555,1.1609872739700744,-0.3911704558434331,-0.07505828107977416,1.0741543693567015,0.46126242557127856,0.1766103941639056,1.0959196515359781,-0.338560802615414,-0.039932716716529204,1.011659168780555,0.5133086742759224,0.29154391665516644,1.243080654892853,-0.2395241350103948,0.0523956693371828,1.3040776340226599,0.6411212563597266,1.503811084245957,1.080876970007119,1.2215639471081634,1.5774428046820708,2.7564091967900066,2.6333165634674853,0.8990175687294671,1.0174266664869918,1.5645393205760318,0.8239239522555338,0.7503963890007594,0.9402846045528297,0.6621591444123921,1.2325940225706187,1.1714112770545804,0.6393172497220692,2.949895254838734,0.5718889447066304,0.11534718415849134,2.7548458110613283,0.6248322059077686
Images/kneeslide/KneeSlide_017.jpg,kneeslide,-0.15638971199979873,-0.4916942317528627,-0.9147357334905973,-0.0716053437067018,-0.5731205506839437,-0.8576130460737252,-0.021600643881739823,-0.5753780906323739,-0.8572702525436089,0.025652993438835092,-0.5748145924868365,-0.8583580433895761,-0.15887935666294067,-0.5583074146632983,-0.77163943551229,-0.1760767248035294,-0.552096417840602,-0.7712939083814551,-0.191948744118756,-0.545782956340969,-0.7717717417870718,0.1239883374223435,-0.5240254509111004,-0.40575096582458203,-0.15105460557066785,-0.4873047698672603,0.010834088270652388,-0.052463658078763784,-0.40806022400917336,-0.7408205020903605,-0.17578928464177138,-0.40025517703625724,-0.6179487945888564,0.46054489422816824,0.0,-0.19467511500026224,-0.46054489422816824,0.0,0.19467511500026224,0.680907603028529,0.5541022222817644,-0.11912232638333663,-0.6858511212320957,0.5850313604754974,-0.11280200802680043,1.0483576879689498,0.9786282321308601,-0.7076390086873423,-0.4353440561312398,0.8703394965148474,-1.2081921899567942,1.1847675993461846,1.045613875214668,-0.8733230949637094,-0.36303001636222526,0.9989736472063002,-1.4105894450846148,1.179524026718121,1.0342411561685338,-1.1434176074083302,-0.28567112581573295,0.909301162039403,-1.5239640769694514,1.1212361271619167,1.0231617119633565,-0.824283892671889,-0.2986249868204182,0.8642450221095337,-1.272306334571637,0.06736267198051904,1.0094022807912355,-0.4744693596898269,-0.48904864445761637,1.045248180926851,0.0595080359464518,-0.14453999786918104,1.8263913260919162,-2.4772840008658714,-0.9836748689694014,2.1242380738379953,-0.840535422304222,0.23699601664706155,1.409647758439375,-1.3801757679692226,-0.34501498577932954,1.5156661636367272,0.5320760709789432,0.19785512687384116,1.3203055113986182,-1.246456586096047,-0.2383930191935405,1.3715789531005922,0.7093864344717197,0.505084824033229,1.40779555583118,-1.180883245417599,-0.15232463717336153,1.6302867506237055,0.9401942752283439,2.1601297074313166,2.1561963195620266,0.8346775381929792,0.4605780014267363,2.2191250682575543,2.505688326764431,0.21796464592530082,0.43130969354003307,1.569602116138427,1.9121070835486167,1.4209391594612129,1.5992248201122878,1.5513683167691392,1.9869975000661582,1.642980281474484,0.42705450077714785,2.6472347686693194,0.32238992792642596,0.4383191348699212,2.8870908336660728,0.7050004564069677
Images/kneeslide/KneeSlide_016.jpg,kneeslide,0.17840597056419627,-0.1475060679243943,-0.2451168713776646,0.1685371437131539,-0.18209295487137347,-0.13513504858338143,0.1697996172988236,-0.1827906850648113,-0.13521161727254336,0.17112516436283642,-0.1835190138272986,-0.13586942072033084,0.14801254312829099,-0.18584111009162402,-0.25451277397649513,0.13416148143609974,-0.18938535456132385,-0.25452695515596696,0.11884075899822959,-0.1933190599579939,-0.2545024405914534,0.11011034765819705,-0.18265993651580964,0.3175734056922009,0.04610533902381588,-0.19602509404942803,-0.20824060175842143,0.16672321269910034,-0.10913693965966612,-0.08155143774908236,0.1416127399440691,-0.11438484279553573,-0.2289098160384129,0.1664221643689011,0.0,0.4714908940868004,-0.1664221643689011,0.0,-0.4714908940868004,0.46867549423064475,0.07529368735512794,0.08965445721944384,0.007840683299988271,0.3275730124876735,-0.543633264456109,0.3412082216231267,-0.12384676290716407,-0.5713674437341122,0.22611383518161343,0.24903740654650366,-0.10387880942878502,0.3190887090227546,-0.1783580293134389,-0.6934165034352988,0.2582054693651504,0.2229110386834302,-0.08357334482224266,0.276922501380008,-0.18635606771371113,-0.5888517596119477,0.24251053912478493,0.186678264926273,-0.08572351170973869,0.2704727374444069,-0.1663429476818322,-0.5567172901161458,0.23360364201849246,0.18758029250255787,-0.07634946167927514,0.16988689967313497,0.5217017610726715,-0.35563344079786785,-0.04101267586907986,0.5098670807818441,-0.8706520132755722,0.3882036589389164,1.020306748769277,-0.839091072362051,0.16658143171289425,1.0019875287196691,-1.2390794189533583,0.05795901161715594,0.8806389258552396,0.287181831285947,-0.16956231273428404,0.7866376481809993,-0.037498789518105834,0.011228266878291593,0.8383267990797031,0.4340527738808719,-0.18402259380387428,0.7627051460728905,0.12842309149936823,-0.07418952030094733,0.892084313870509,0.6320997695951894,-0.26106751626041,0.8027587025061246,0.4041661075437313,2.1832688076119373,1.467307206549776,0.7390970634925305,0.5092795010202246,2.760123673847858,3.005628357012051,0.6476525261392014,0.7185178873472748,0.6089621866948389,0.3653816793801558,0.42364012750786617,0.6769208424513563,0.3520481548997072,0.9280935130577402,0.8055782560688043,0.9732857653442082,2.0967850851463807,0.433715827128662,0.6138291328327562,2.087749256070965,0.1923593684831707
Images/kneeslide/KneeSlide_002.jpg,kneeslide,-0.3387398641460257,-0.6288620454258437,-1.0638038589069116,-0.27299782372616277,-0.747393525130805,-0.9840448529896795,-0.23044805834312387,-0.7449211847167887,-0.9841454581309154,-0.1865513965387724,-0.7403821456654655,-0.9857784573034872,-0.35595106233528057,-0.7496068946008473,-0.9234642524322815,-0.3714405511209891,-0.7508677834421943,-0.9235806739409401,-0.3849726485534034,-0.7519884311298249,-0.923297609880672,-0.03770364926844447,-0.6512122405562055,-0.3980603430138378,-0.3077012897443298,-0.6843608807198216,-0.10110934909318724,-0.21430383137968603,-0.4813424399106104,-0.8545322837649693,-0.3193543863786542,-0.48624690174279106,-0.7650488207680549,0.49761548574925046,0.0,-0.04877323387409855,-0.49761548574925046,0.0,0.04877323387409855,1.1833060937387052,-0.07405552863712267,-0.17310154027381242,-1.2482355528814686,0.018911289421683075,-0.0433231093265981,1.7918215005800178,-0.42514231184936485,-0.4514883582787705,-2.0959214893295237,-0.20040962352884506,-0.6964788349427906,1.9274694569453723,-0.5504004203274762,-0.5011974074799967,-2.358485106690369,-0.30938784189416346,-0.7773547698996751,1.893776149999197,-0.6420491663420689,-0.8009695847939413,-2.3785832506069,-0.3449237916235678,-1.0468555613536943,1.8398586092453388,-0.5938193502403835,-0.608987745075148,-2.2737791947338954,-0.2854398370264172,-0.8544569522005431,0.7094281185570531,1.8244280383263938,1.0300897889607388,0.07653208733017802,1.9251593472378261,0.9501260339507336,1.523287020561678,2.0082121869665244,-0.45783072161531874,-0.35554659179122927,3.0310069236296586,-0.42353089066726934,0.9733088840290682,1.9511193391880455,1.6971817062268786,-0.029484675478349986,2.2722605252886314,2.2299357424752384,0.8054646315972006,1.8124790920594775,1.9646066402204871,0.03306911372088628,2.0939438302079125,2.558841179416003,0.9677099475533244,2.138720181431021,2.318902075479561,0.008921527196265155,2.358688210882998,3.0934218430463636,2.695992581652172,2.563962101573838,1.6539622597016872,1.8615863609354468,1.263950730341763,1.7322609934885524,0.26320243350972017,0.41128479793638667,3.9019316588641852,2.226145487388743,1.8455856563546882,1.8961044309126829,2.217686559042898,2.763082084092813,3.183810713035815,0.7664412034635536,2.396983962343438,0.26027685920648397,0.5612891344364178,2.889470890665627,0.16024722287260065
Images/Heart/Heart_008.jpg,Heart,-0.03226225558982775,-0.44571427977848305,-1.2780897245579326,0.02391461002903439,-0.5229883619704953,-1.1440370648507723,0.05946092652636416,-0.5236523874856815,-1.1434328431073455,0.09381894850198312,-0.5222796943940847,-1.1418628149931302,-0.09942790778345387,-0.5137879230777461,-1.1272279241847116,-0.1433045397179952,-0.5078976596276901,-1.1276420670147387,-0.1796285560548907,-0.5014908799348402,-1.1282551801834286,0.1580266884468766,-0.47814258462680315,-0.40368542718804734,-0.21813338635059537,-0.45342916856794996,-0.2942388977536742,0.0514524497087591,-0.36056737806904,-1.0167088912763944,-0.09860407346614913,-0.35314398942742026,-0.9884468045226956,0.4937566460084087,0.0,-0.07876785208780898,-0.4937566460084087,0.0,0.07876785208780898,0.6442956655336852,0.6363506593648841,-0.9348893044511005,-0.7543848830900273,0.6075590502291149,-0.8928051019516343,0.2972459426529312,0.28231252980244687,-2.285077620594304,-0.4414996097660796,0.2651838355580917,-2.543238769994501,0.13541927702625542,0.19586735513727635,-2.5045490172796008,-0.3605518522420399,0.19094872029762236,-2.7672467694362015,0.13182173049945028,0.12436480158020327,-2.2446860490840685,-0.2876459477815175,0.1134147140177634,-2.5827645142713505,0.14504902269178777,0.1445547402229891,-2.2007386978175507,-0.34681066182827286,0.13958938062778986,-2.5025105098476406,0.15865567088704113,0.8669833972559461,0.5409076608031308,-0.37819878952076924,0.8479285216090251,0.6527603673659903,0.20992137272931238,1.5960282120246534,0.8481385825717619,-0.38772979445004846,1.5924342138443432,1.3541068166534087,0.17105696760240252,2.1582346514488777,2.322094599836395,-0.4031201078073783,2.147690319526023,2.714371439269505,0.18776893458084715,2.258849473284237,2.4055981238128843,-0.4289845002038181,2.2495803102623304,2.8230671372372265,0.07929974008470467,2.368554593971749,1.3348083732945542,-0.32776073902458003,2.3620716667316004,1.6963711178704692,2.1735179594029534,2.2812765685238405,1.595110215273141,1.630808036283475,2.7122764872233334,2.940437015461697,2.329534352196177,2.71392552284813,0.782742334644688,1.2855439747210267,1.5077975492788591,2.3215587968104563,2.594861810052328,3.17480087997174,3.484665240769395,1.0758240083039647,1.7477126778715306,0.21653124721851016,0.9343926318828483,2.025249805761709,0.457820631119223
Images/Heart/Heart_009.jpg,Heart,0.002007095737064677,-0.7760376107633254,-1.2964089162777013,0.06727287492246065,-0.9281850939604985,-1.1566573458662615,0.1023706658652053,-0.9239684614443815,-1.1555766254999194,0.13476048944234775,-0.9181903054410638,-1.1534690095108582,-0.052471253972864854,-0.932160509427554,-1.171362265823929,-0.0950909368449608,-0.9308503971299633,-1.1706040914913325,-0.13234303567454803,-0.9263061231926586,-1.1710311681954026,0.18692128351944395,-0.8421125668878221,-0.3196411324534074,-0.1899506432771609,-0.8390349954083078,-0.36672108236152456,0.0740058440437846,-0.6117586538409305,-0.9957852478783438,-0.07041102347554445,-0.6002866099290267,-1.0097352129273325,0.4918168792496734,1.734723475976807e-18,0.0900897179766495,-0.4918168792496734,-1.734723475976807e-18,-0.0900897179766495,0.7865435078889066,1.2361332538620422,-0.9856253496363586,-0.7055417682630344,1.3484842375106023,-1.2427737162383479,0.3645348069073241,0.38286673585451764,-2.5455784960116143,-0.3238483958908341,0.4757456450722102,-3.016277186881366,0.2472937908039779,0.17579864400318113,-2.8262207092593425,-0.24046540807117492,0.2909971674820721,-3.3159630974577228,0.20932560366303407,0.06222496708891702,-2.5861150674141915,-0.22502555165881738,0.1432080197713439,-3.1667395794526914,0.21227620059557198,0.13603011103901236,-2.4846418437411217,-0.22778983007732567,0.19525084155143133,-2.9903684704764286,0.394759717071546,2.007989662112991,0.32213669845644644,-0.2894490387625142,2.0469663173920636,0.30034452249511867,0.407405914273903,3.47266721776282,0.2985700500721955,-0.22501092521713362,3.512973605099596,0.4871928182455042,0.4144875276870026,4.8239640338298315,1.310934403655461,-0.19637056305315648,4.827178605382855,1.3329674366985858,0.43852600327928226,5.00442756530382,1.338120225285714,-0.21802221881072728,5.00889334743896,1.3828108596119792,0.3312581706713036,5.280470506968994,0.16982087661902304,-0.10153013970117201,5.27271581140423,0.1289603632606114,1.735522603208606,1.7910355382503163,0.8577863512549603,0.9197964076734457,2.99879430940884,3.0602199370355367,2.4825277067036207,2.6960382974098853,0.8390799623746337,1.7420993843373798,2.1519967447102504,2.5998927751404683,3.0706904387168708,5.016071961303921,5.01168802636383,0.7561623394901772,2.2319817139224396,0.3360511152957156,0.5755456376239599,2.4676099031681833,0.49801430810666725
Images/Heart/Heart_001.jpg,Heart,-0.006298096697892011,-0.5532662783159981,-0.7315693006385852,-0.015671164079522903,-0.6720867678113981,-0.6180923598142782,0.004509411708752992,-0.6759082235448792,-0.617614613628878,0.022786476535991335,-0.6779753335939636,-0.6171125862758023,-0.08496293447397293,-0.6511683929096251,-0.6870781618732174,-0.11881557026030246,-0.638357267894205,-0.6872948246001676,-0.15096449498268988,-0.6237405574209219,-0.6881495379439271,0.03363303414658375,-0.6188926984587804,-0.024859926360655753,-0.19994895964406278,-0.5386023601930389,-0.3062711682886089,0.060772494330772406,-0.41994635633692823,-0.5092272978978523,-0.024296577175077966,-0.4055844419115287,-0.5918833161501503,0.2790892484335859,-6.938893903907228e-18,0.41486044811330974,-0.2790892484335859,6.938893903907228e-18,-0.41486044811330974,0.8337281209346352,0.3540962674472066,-0.1783002381441881,-0.27615024086247014,0.5785238238569821,-1.0283378735717679,0.5753653521649718,0.11934106385657348,-1.0930853531486024,0.22206664611323124,0.30160914893411006,-1.1539162560170113,0.4892625841992408,-0.006208530017444411,-1.245757620739551,0.3267680563070504,0.16555855838869332,-1.221933491230248,0.44784546222239535,-0.0635425259375971,-1.08831991006656,0.30434350527474463,0.053879915079175694,-1.1006825163538652,0.4479865742294641,-0.0031846797879606925,-1.0569016220449838,0.2788247430312291,0.11096437326521161,-1.0868701050949554,0.4038239153540277,1.380050471387983,0.3922274560527408,0.04809440359870498,1.4427246736946993,-0.004289351507984594,0.6263453203053874,2.417253472319533,0.4490181228546046,0.2774662807645365,2.486493542772791,0.3815014126479487,0.7631101102208601,3.317440098364258,1.2810369189512185,0.4121663205380807,3.377084371674439,1.1414370148565494,0.7829323699337848,3.4773671739401206,1.3300387515578331,0.4125895512880218,3.542063611963533,1.190812891136452,0.8306975374029125,3.613053854320415,0.7422763413904139,0.5316825494184971,3.6522424196251286,0.5120211751309831,1.9439090878916416,1.4040304786584268,1.0868199797882983,1.103024233896108,3.0017640486962045,3.0656043112076627,2.4525683031133854,2.782697484809513,0.4021716415654541,0.9599098190506844,0.9804791698922888,1.241016989111086,1.2131794590814065,3.637141932104435,3.5885175752778853,0.8082230326796032,1.9045044057594067,0.2653368273545386,0.665473878496761,2.2940165458522626,0.12755317605476188
Images/Heart/Heart_015.jpg,Heart,0.010912612834258106,-0.9736975115249495,-1.3897347232520438,0.05507673527807125,-1.134387403348433,-1.2030255377935262,0.07966191969502015,-1.1340577344912013,-1.2025101714090622,0.10459781945351604,-1.1323902631598946,-1.2011877417959234,-0.05695296849614866,-1.1170704530914006,-1.224405434167195,-0.1020535827914085,-1.103407869150438,-1.2238044821992813,-0.1420025453265031,-1.08921796932463,-1.2247214831980373,0.1459063466044389,-1.0231612719217271,-0.2562394325087014,-0.1933915779634856,-0.9735497611903421,-0.3178580085691911,0.07462606630974546,-0.7628844758872692,-1.0572129381073891,-0.06633863703167531,-0.7518465833085747,-1.0786913902508657,0.46713018992274763,0.0,0.17829578139355334,-0.46713018992274763,0.0,-0.17829578139355334,1.0536005458258666,1.0799903461745655,-1.177835141840018,-0.9504761783438422,1.02642063319962,-1.5393125592146082,0.5389202653009629,0.30492040909705387,-2.6958815467908823,-0.2627803533438884,0.3343058199383062,-2.902796959106524,0.3948418008635554,0.14313958173789001,-2.992691820799247,-0.08621055961192597,0.1059318820000684,-3.1973631261773,0.3286947359556797,0.07807722640614034,-2.6605874638971705,-0.04735788535722191,0.0534113480436648,-2.9390901875125914,0.3428695983770709,0.13678962702905628,-2.606381437572751,-0.08194404284024687,0.13935770054834193,-2.828136331267856,0.3445369443179287,2.2048707199796493,0.16104797711689112,-0.3245819173258871,2.2224062566040477,0.22406726161507326,0.3362770773644225,3.9475847111583175,0.282758102103832,-0.3022412187345901,3.933518911192725,0.36973189254039096,0.3759505300760231,5.480133604412202,1.4582255335290937,-0.2306122884597977,5.421108193266118,1.196541435852271,0.397835526157262,5.703859478890764,1.5015486911736755,-0.2425776900655902,5.6306548186289405,1.2475721487981444,0.31590120489236345,5.974945276690322,0.26720937983234416,-0.12672521059067465,5.944313353466224,-0.049296557808679586,1.8569474348205766,1.847976688401172,0.955521425565656,1.1427071436440308,3.048915228628379,3.0350171285538003,2.5565138645486543,2.718406355955778,0.8284934351940264,1.9025444522112314,2.018697075943621,2.7660782386916636,2.933776419761098,5.6832758889489545,5.556375390341901,1.054052634125485,1.9995972073675097,0.2465615249519895,0.6933427510617131,2.287774134627033,0.3871635567029463
Images/Heart/Heart_014.jpg,Heart,-0.030897877972583795,-0.3908763652235512,-1.2597863952783186,0.006879322608451893,-0.4664260587964919,-1.152601309244286,0.040993047825718845,-0.462991683464045,-1.1522505366758053,0.0692781905659746,-0.45932132875352694,-1.15176463041291,-0.11203814472705037,-0.47248710003722383,-1.1805962400496852,-0.15326524644963913,-0.47174417375145833,-1.1804304377154033,-0.1855256706049267,-0.46774976456148865,-1.1819375670905414,0.10596277340684336,-0.4237567033466155,-0.4034916675692525,-0.22801982027626372,-0.4171674243548882,-0.4769432730277441,0.04865133070986321,-0.2848800020269691,-0.9660957262621842,-0.10756328319337113,-0.2905860830081997,-0.9906536396358051,0.4653573006693108,0.0,0.18287313283742,-0.4653573006693108,0.0,-0.18287313283742,1.0252207507950972,0.4314037341101773,-0.35208879089691764,-0.7861053644485093,0.6084038325912401,-0.883427236128618,0.532403324684183,0.31142283087602124,-1.2928741306033238,-0.1448785944097536,0.37439231388087657,-1.735474889657748,0.3957323552126091,0.26580177605496985,-1.4477206257342319,0.03551068014217786,0.30028422384872644,-1.9071766775806431,0.3315002285318881,0.20850265009294783,-1.215962825698152,0.04043964311140233,0.23963549176278506,-1.7065567050063482,0.33588129131072775,0.21689384861382943,-1.2121133789531604,-0.004212325265400059,0.2571706737120059,-1.6483629608584298,0.36501008000137125,0.986085470059098,0.46489623129112695,-0.20017112553463737,0.9330457339915648,0.38279272831865496,0.27348241417516356,1.7346541648755975,1.0005429448888004,-0.3199575497555041,1.6957234455777845,0.7890791056456451,0.1961058848219453,2.3669326356649005,2.4889568890363414,-0.3616285703323539,2.3361794067678114,1.8916681959786554,0.19391641430559564,2.4581827336159505,2.5822664388088135,-0.3765469585702295,2.425152151691944,1.9654945338805239,0.14102260699150404,2.6024916146416412,1.53208233360463,-0.2730266011728308,2.5997703567828663,0.784879019442589,1.7572365771769998,1.8051205486228636,1.3294283930957798,1.4924027980999208,2.8007322305259215,2.761416022292058,2.592765735763465,2.578930425262435,0.8115241127884107,0.9009035486585693,0.9082440743669813,1.4324667526015766,1.7813007899969604,3.4403101626624966,3.0276918613299744,1.1578219713552573,1.72441155336475,0.035355123937014864,0.8753239240926011,2.0928178106922446,0.3246865763825842
Images/Heart/Heart_003.jpg,Heart,0.031750711103950724,-0.32036938116362834,-1.5316693608595697,0.0941922197490427,-0.40056440808388166,-1.2683711573828176,0.1382572975548458,-0.39872696081679604,-1.2676674673223478,0.1807598178983941,-0.39580995367529814,-1.2664819040257296,-0.047754390164843334,-0.40581367981494815,-1.2984110070054058,-0.10191656086384085,-0.4086146575586621,-1.298095972681293,-0.15252739906674603,-0.41118410812014283,-1.2992864349997981,0.2514805678292041,-0.36036705609748726,-0.06569156283755118,-0.2215662796556031,-0.37416478820824917,-0.14808589852551557,0.11583415975415354,-0.22817176534635908,-1.1185274966084964,-0.033558456767279164,-0.22593144078490704,-1.1464115044329872,0.4463363622406948,0.0,0.2253527273891827,-0.4463363622406948,0.0,-0.2253527273891827,0.7683156407818414,-0.4660607097215522,-0.8908624649097049,-0.5487496041722855,-0.535238636712507,-1.30079233989424,0.4300680631311494,-1.0236346581940325,-1.8165168646932301,-0.29896167835003734,-1.087470651316792,-1.6970079474422977,0.30485755578309737,-1.155358115842863,-2.2099673826379838,-0.21232854368357787,-1.1989519545593204,-2.1070157985251985,0.22356442007544125,-1.178318365289782,-2.089839827789895,-0.16231227963444073,-1.1989548385248943,-1.9848121470686146,0.24035593186796578,-1.1278514803190502,-1.857254953361232,-0.18040183241563457,-1.1505758885271846,-1.7201658960693305,0.39395180327004975,1.1304475998195205,0.6738413832689938,-0.25255551590504577,1.148827544075198,0.7325516740654772,0.4132797291496176,2.028853986078352,0.7513989937468599,-0.19513503007617777,2.0502361440598564,0.6462183929491655,0.4580874258195763,2.8387095850789126,2.083137353470945,-0.1830608533803957,2.8931192003678396,1.2953981085449917,0.47883618549820967,2.94959375011871,2.132701438319935,-0.19787260711284582,3.0118921603868305,1.2991714440693984,0.37073953771543566,3.1140193298584387,0.6430142497723681,-0.06905666373161383,3.15725585544672,-0.4050185034800098,2.5598250924414327,2.493695445663098,2.3259302176347325,2.7277268148261498,2.843040268038126,2.3523580088139364,2.203571489220204,2.3886498679709423,0.7415131686521725,0.856957912177067,0.8515585073394178,2.1289715761597936,2.0375982126708787,3.55071505918721,3.1751702699539357,0.33635836425716387,2.8622253867764553,0.639407324221746,0.237260808455034,2.6023273863410163,0.863235907045807
Images/Heart/Heart_013.jpg,Heart,-0.12071508217931654,-0.40362923522367883,-1.5691540322199131,-0.041138804744255235,-0.4829818460992692,-1.4339188543374068,0.010000681081508242,-0.4835680890999135,-1.4331959851598013,0.05332266069989445,-0.48383269243500404,-1.4325689616522221,-0.18983639671899794,-0.4793851886992815,-1.4012107538098968,-0.2302563518115083,-0.47661147099797674,-1.4003117327677346,-0.2625378766641746,-0.4733637415325767,-1.4011548343834792,0.14447438090579903,-0.45092523517108163,-0.5606288016320413,-0.2642648544732727,-0.4353079628774118,-0.3807516597489014,-0.005560295934239259,-0.31433414662493225,-1.247910652096962,-0.17029383584543056,-0.310384691992099,-1.1984144735466973,0.49497673511981966,-3.469446951953614e-18,0.07069675869602468,-0.49497673511981966,3.469446951953614e-18,-0.07069675869602468,1.0597289496955058,0.5439180879060828,-1.0825782324238233,-0.940091324374747,0.5338470492307266,-1.1823346326406796,0.6124788031463206,0.20874599484403117,-2.6933393520661015,-0.34006982566518645,0.25581862481503304,-2.7033109314073296,0.5042546672052393,0.10058910201514834,-3.0095635950308797,-0.16019177752850972,0.20108423593681507,-3.018460795453187,0.448783569757843,0.03554082656849886,-2.7205983143288477,-0.11473806485827016,0.1199694295684368,-2.756085031872488,0.4350135684767179,0.07271479446431334,-2.612403865491182,-0.16203187347825587,0.13139151086749093,-2.6275549675259873,0.1848411427901209,1.0292710270096388,0.23971044963055427,-0.37631612235165657,1.0182297748739233,0.2105138461005365,0.12890912635609392,1.8331154071254305,0.6375042032398986,-0.5257484024677147,1.7650454668031272,0.5846538799460328,0.0541031336690779,2.477980412197032,2.1328435717471055,-0.5480318928148972,2.4189925909924868,1.7162680048503387,0.05947617359873708,2.5696310863437293,2.216010844598279,-0.572849092070493,2.5110198502219534,1.7942285325691103,-0.02972034935656921,2.685960028301161,0.9800309650933658,-0.4548011950071592,2.6535882012866705,0.4499467039498835,2.212267015452483,2.1975163313759576,1.4454182150004022,1.4426096118797451,2.772308392669578,2.793506115224281,2.4383710854517684,2.5409920299778106,0.9537631546341196,1.4752522934186754,1.330150313150286,2.769978707509287,2.736600198603473,3.269913725749953,3.0161962759893104,1.0064769587762536,2.013431625604418,0.4871864317231068,0.8553328540230506,2.176073305500781,0.5376499086170335
Images/Heart/Heart_007.jpg,Heart,-0.1711984878154269,-0.3401409062382088,-0.5001148474929797,-0.11586202247972965,-0.4419650507865328,-0.5690298292830382,-0.09854312992085373,-0.4448793747387455,-0.56871056666582,-0.0744899356064562,-0.448572814984578,-0.5681925761539167,-0.14651201363542404,-0.4414155256581761,-0.41557865987123466,-0.15146437502556817,-0.44408264179619816,-0.4146439007985267,-0.15645583061742793,-0.4464475685936391,-0.4150676826692835,0.027675515738395176,-0.41801805212977544,-0.5729826668511383,-0.09348314797481128,-0.4162746563599208,0.15371246754564982,-0.13873602652822017,-0.25957565853271786,-0.4894515807541571,-0.17873097763999257,-0.2597265128311522,-0.28292111705699163,0.2714842022065053,0.0,-0.41987656275660035,-0.2714842022065053,0.0,0.41987656275660035,0.5215806820402002,0.6208714044372691,-1.0113737332811656,-0.7013227685169325,0.6175071154405178,-0.17409739219730372,0.13034135336700897,0.2765549789455314,-1.4480129900290761,-0.2713126090442962,0.23946514950650333,-1.1449227515313234,0.041329093487067495,0.18814219665685428,-1.5833653710233113,-0.16326700630569244,0.13892376036620108,-1.2885318918644308,0.03905589170144629,0.1398871410593424,-1.374406836615,-0.14150817259746282,0.07585385823323786,-1.1294811178372886,0.040567263285107895,0.16473228889178643,-1.3618828445372684,-0.16441582837962407,0.10150475629376056,-1.1119623929585118,-0.09117209709010704,1.1639924018417342,-0.04330115044144329,-0.49137422073396875,1.1069053162643037,0.4676140046518933,-0.3836168430340027,2.030611540403099,0.13816360609964354,-0.758862911017179,1.9521215804341527,0.933276745535376,-0.6057034363932852,2.7653279164911257,0.9753467656782383,-0.9660782960871529,2.714332410473674,1.6285360984905712,-0.6086571766494195,2.8762569356718024,1.008354228571623,-0.9869556738178645,2.8216567820037746,1.6807754180638452,-0.7591979201365696,3.00432593241572,0.22322844649252152,-1.0461750754678856,3.0052290255162832,0.9228002212585591,1.4828345614713085,1.7179067167329771,1.2035445416330295,0.80601168513805,3.035416553437175,2.687772855097579,2.5081163220748386,2.9011078447662024,0.5045446002497134,1.1703636098436534,0.8727790386092535,1.4799368716502916,1.200750680461457,2.99419712976664,3.3095373593306623,1.2574001828652506,1.9971257060621386,0.14271737747042915,0.856305702069448,2.0208509290950385,0.11342513678968408
Images/Heart/Heart_006.jpg,Heart,0.10045390339786665,-0.5541575133232676,-1.0380155436048455,0.11327867979275845,-0.6712913440594829,-0.8716421407029001,0.1353813733999673,-0.673331191194007,-0.8711455693633519,0.15768606491945103,-0.6731332573148529,-0.8699645703309342,0.028352044638901203,-0.6567172713131255,-0.9344100060185548,-0.005214971154574054,-0.6487729632793201,-0.9340298924812578,-0.04052069441627576,-0.640455804891643,-0.9346431186751761,0.17169464566637388,-0.61736679116103,-0.0613983941420443,-0.1109530178343302,-0.5814775014553637,-0.3171200062527879,0.1511349345162305,-0.4236932214313877,-0.7450481088251885,0.032098256869985096,-0.4318053968627409,-0.8217760001339931,0.37607791239599964,0.0,0.32949264606037393,-0.37607791239599964,0.0,-0.32949264606037393,0.899356029058092,0.4945607295614166,-0.8092712697227257,-0.5426876773500712,0.6461534906087673,-1.481684694904768,0.5732177170196667,-0.043816607790522114,-2.076473247532917,0.0049310345575886315,0.05044711469589129,-2.445958319010546,0.5051464934171983,-0.2126312811794046,-2.3166453619966885,0.14807917588124514,-0.13598299515351198,-2.674655957224534,0.4353080637538718,-0.2916294760238249,-2.046621033837073,0.17363090332317832,-0.22368646811126489,-2.4744559964412884,0.4290947962649593,-0.2041283564748077,-2.0136362169235396,0.13448505025750673,-0.13331712353059055,-2.385902613374956,0.2981386407363873,1.4006756854926052,0.1324486802234294,-0.24372937198169578,1.4335325951239304,0.03760567267998692,0.2808444975471571,2.5174771223693084,-0.1294279287147121,-0.19984453986458167,2.5532038630735525,-0.16649013165086005,0.2578108356610228,3.5207866115610793,0.5982654469500267,-0.208786434529158,3.545749875823988,0.11932466837084091,0.263201393233675,3.661983461459482,0.6078962707336585,-0.22855602064934633,3.6910695713875703,0.11360159131436634,0.203020348410472,3.8519966592491315,-0.3934167475255085,-0.1329921397758439,3.8808175117646067,-0.9720416403152027,2.126784790782514,1.9592837845694078,1.0937626388759758,1.3250419405427079,3.042654889126003,2.708563744445608,2.2838884387268026,2.6785979099986257,0.6843643918889841,1.249939144989776,1.5352440306058088,2.154585712832842,2.446483460974107,3.5805483289778812,3.5538953746039055,1.032571256876189,1.9266297076253522,0.2833739582335143,0.6893901191169945,2.340789383276084,0.3547479502123536
Images/Heart/Heart_012.jpg,Heart,0.08852812933135376,-0.3524367377048338,-0.8654219110651444,0.09393592535913535,-0.4015832806119753,-0.7015967292147013,0.1069546347918689,-0.40181868885809446,-0.7014122408412069,0.12182744893861444,-0.4016178897946361,-0.7004667379270483,0.027673514826419006,-0.3949970747881166,-0.780741945156251,-0.004144796938850404,-0.3906663666666932,-0.7811896850070201,-0.03470597481162612,-0.38566435130461874,-0.7823860447031251,0.11719723638596445,-0.3648883705511101,0.08915174112602506,-0.11244065351911556,-0.3428089387605247,-0.22694211851799792,0.10912686138259702,-0.28422939951557546,-0.5817497041148244,0.028574675023197507,-0.27515263675415863,-0.6787141957693877,0.3559255699877507,0.0,0.3511651870970338,-0.3559255699877507,0.0,-0.3511651870970338,0.866506683975144,0.29161318995633123,-0.9433177812225914,-0.38873803094285625,0.2886035815853896,-1.802779979574086,0.6519083869291117,-0.09149060158550228,-2.2967175758014546,0.04996733534803474,-0.11078484474216109,-2.798946284959687,0.5827173741852041,-0.20445406476850342,-2.5439420700602016,0.11369643854683434,-0.22407275201769794,-3.0107922694880225,0.5346805023309987,-0.21865362177085262,-2.2694269257510227,0.12438294397203799,-0.2502084951202467,-2.8395349122786007,0.5382033888056522,-0.18154412025623715,-2.225758883289949,0.11552271467228577,-0.2130158470305448,-2.756268040399663,0.32717560490594777,0.868439702340047,0.11917581654643056,-0.14646835335983552,0.9025862614987449,-0.05678802499126283,0.43557434537125134,1.4814312981056583,-0.06063938027704087,-0.04323204033271786,1.5118890788866681,0.5916737811192688,0.4599768263212144,2.033445681801545,0.7689534294393724,-0.0027003827689041707,2.0624336909153747,1.618869885281478,0.46834108288653953,2.1123103231964597,0.8009593968902945,-0.025082176485308055,2.1464265783165546,1.6931235915000997,0.4474876898233791,2.2255038222856482,-0.12576355390490238,0.08089138102998968,2.2402345823776413,0.7437515077674375,2.4289622565224103,2.444843115277668,1.135768755350293,1.6917829170059078,2.9400767448212393,2.637286872410639,1.8723987187234024,2.8679581464888413,0.7841804471550315,1.560159440730171,1.9489481975284386,2.3891979194119317,2.801583538378958,2.2221092228413206,2.621903836329849,1.2447695224942477,1.7196134355395918,0.33325091903643894,0.7692435249411579,2.3194052433881462,0.5945616667621241
Images/Heart/Heart_004.jpg,Heart,0.11013660141133044,-0.9382542974708992,-1.766767500955289,0.13856415015902895,-1.086094677570976,-1.4823769120342953,0.17823751345938027,-1.0675437650150088,-1.4814826531724474,0.21727549010872765,-1.0494136786739783,-1.4804990641353166,0.03044772633790553,-1.112189301279584,-1.522341318237735,-0.015588479363701974,-1.1143221871940667,-1.5224115062326,-0.06621346448920584,-1.1171388171889913,-1.5233801005617367,0.24816223624803774,-0.9124679537053058,-0.21965723812512747,-0.1798077293527396,-0.9906490085429821,-0.3720601002933747,0.1725586064877484,-0.6979581505271617,-1.3405946101163106,0.05331430360118722,-0.703249895483759,-1.3897118498864844,0.490342160733669,0.0,0.09779859614041864,-0.490342160733669,0.0,-0.09779859614041864,1.0548319267853743,-1.0135762558160217,-1.0077650526846114,-0.9133151655235321,-1.2886982331132992,-0.9268926903013083,0.5677001813272624,-2.2031203677733573,-1.5758019187446897,-0.32060429862664014,-2.4007319370689717,-0.7929527801822944,0.37028605994496705,-2.4434064683436345,-1.9417142685196578,-0.1628349302274923,-2.603065125961188,-1.1693100607021925,0.2748691739951492,-2.4439465312407243,-1.7403720293409517,-0.10602937648533725,-2.5684751219232544,-0.9040479336362882,0.3061284334506026,-2.338553801658343,-1.5542018823613322,-0.15884353983304778,-2.496069799553021,-0.7603116936521648,0.3079994403583706,2.4501163386704126,1.5183906563412577,-0.30471536978660047,2.408592425799262,1.5784792118931348,0.394033422994413,4.598671443208959,2.1037819777012703,-0.21253912818665865,4.562542741363073,1.7199915691876868,0.4227648096022939,6.267539154208319,3.791255827723665,-0.20884869586361443,6.312537563992363,2.8137933251948186,0.4240283706055258,6.498124461609123,3.8795907691428173,-0.21435606044343164,6.557029412676876,2.856272535350637,0.3948187941739761,6.8765878281037915,2.4140663934710296,-0.13581493561714147,6.902539233991397,1.1881880790301502,2.3351843789997075,2.131538803672922,2.723749271898652,2.9323689273362965,2.862617290542035,2.599590192207586,2.616171551464208,2.6470412111925192,1.2004115774073212,1.3585722134126326,1.8090587828160962,2.767521370811121,2.5485437138804676,7.337192779600454,6.914418352362654,0.4816908017732888,2.6899246626994198,0.5245643394268262,0.6127733385814034,2.500941859783678,0.5739625679474962
Images/Heart/Heart_010.jpg,Heart,0.08168428853914683,-0.7223018451464344,-1.2091219340103685,0.11778157235292623,-0.8340735064377366,-1.082414583411994,0.1412612560348287,-0.8325323255544984,-1.081819858220158,0.16069976083328372,-0.8323581601284937,-1.0806280798412147,0.016847942150314127,-0.8390138897104671,-1.128031340343121,-0.023550339332121112,-0.8370107600799266,-1.12719496924218,-0.06080874526298054,-0.8324792863775908,-1.1280040251986108,0.17994833136979246,-0.7833524600228787,-0.2822688736804893,-0.12644051059881323,-0.7689634183396624,-0.47174433116761283,0.12844731835436937,-0.5811234487801431,-0.9125746020360761,0.004722474547012034,-0.5622274352140411,-0.9677965898545068,0.4406095951648419,3.469446951953614e-18,0.23635393935509957,-0.4406095951648419,-3.469446951953614e-18,-0.23635393935509957,0.7532044178032608,1.2026570674130959,-0.5943187141619687,-0.7545077319563473,1.141519771004637,-1.2116869191996893,0.46065887571954156,0.5196514281477851,-2.09518347320682,-0.2514647849966225,0.6186226321592591,-2.6490043913386687,0.3725861879964701,0.36576939914473894,-2.3816183041243106,-0.1179189936662605,0.4631975975810031,-2.914097868810385,0.3270530220327807,0.2485706604392089,-2.175049541361649,-0.08518583026439419,0.3450004318548544,-2.7918237972059567,0.3251090263755191,0.2937815452781164,-2.0456544426233427,-0.1014775737833143,0.3822427242395775,-2.6190617161661836,0.2660365317048089,1.7070334035175894,0.4086302114317768,-0.3541174139908544,1.72781391486721,0.2633306321528758,0.22251125003184602,3.0457711432874723,0.5288347097904718,-0.3698777956307456,3.052845643954506,0.5274942113136484,0.19169123159205703,4.24707650808895,1.5918972214155342,-0.38417313329062197,4.237660171286187,1.4840550132932717,0.20268164322706111,4.414614778685228,1.6309230357359346,-0.41389585171201704,4.409346736906385,1.5475349435359764,0.12243412599187983,4.660097273564013,0.5422925788512736,-0.30022515048877974,4.629486104859666,0.38553835104209716,1.7045676604872473,1.83588888923718,0.7673531023025891,1.0147932923298644,3.0716904827243536,3.037951083567245,2.5068062203405357,2.6591915396010433,0.9075422947365456,1.5719970489851314,1.9955771721376934,2.2072693521530664,2.7318771503207455,4.539663110560167,4.506414539978374,0.7595788221555243,2.2880393514527455,0.45169012604967057,0.5087286873653467,2.4423051393672983,0.5264587257681902
Images/Heart/Heart_011.jpg,Heart,0.24643298386355134,-0.4130715433906301,-1.3679730566353054,0.2918829462908504,-0.5199071485468955,-1.0956242994704763,0.3177631962052702,-0.5199796286619299,-1.0957072057487158,0.33930832672334754,-0.5190016781307281,-1.0960893623823622,0.15470165232606692,-0.5235402495624729,-1.1705621603810792,0.10287184542129364,-0.5280690117144388,-1.1706082727953955,0.0452838388049658,-0.5322182580277416,-1.1722770618559966,0.29345805706117,-0.46392757155985337,0.024264115246524352,-0.08125706805482112,-0.5081366233062506,-0.27431450296856247,0.24655333507136104,-0.30788568622838963,-0.9750722304532462,0.12800849976024092,-0.3170574734444154,-1.0671931140185809,0.456055346989001,0.0,0.20497199926512363,-0.456055346989001,0.0,-0.20497199926512363,0.9864510727637242,-0.47562074713868396,-0.5940755161620003,-0.5938577549265329,-0.3581295781623649,-1.2167743888608709,0.5721171659237162,-1.1515258345948516,-0.6726145644956467,-0.15482013430695624,-1.0667434759109393,-0.921823055413727,0.4106478448371119,-1.2931452458479966,-0.8815864194241491,-0.08233619968899751,-1.2430456330133324,-1.1944022785826078,0.33465613131235955,-1.3151241135377374,-0.5861296266688275,-0.0318240067389069,-1.2464721477831264,-0.8731877156291433,0.36783559215167005,-1.2566791712705325,-0.6025022236419502,-0.032092707563220066,-1.1744250900666204,-0.8485484116469952,0.3147148891313955,1.3471909956776988,0.11833142603576632,-0.3193503550846167,1.386060742963053,-0.03440810487486516,0.3829785877611163,2.2731536983985348,-0.03790486088876769,-0.3496733312444519,2.3018757221203603,-0.5099126265985964,0.376865544415692,3.0702017569608793,1.2455639782496635,-0.30151107088047435,3.171656979808449,0.19386635264845611,0.376262349071705,3.178614046706563,1.3227583693683407,-0.30835134669989395,3.2943158836528554,0.22238668876802983,0.29483791204812715,3.3989409910527155,0.24025569362792268,-0.24245937458001543,3.466180750805961,-1.013075872779557,1.764858603057514,1.460675426527837,2.0318715201339708,2.0408928049532733,2.937013168644977,2.527746960075729,1.9579704285878434,1.9804300005253344,0.7731304927089174,1.065320777621871,0.8873223111115855,1.45111686354188,1.4183330578103566,3.334605837415651,3.191849164061541,1.0684242884103454,2.573539201846842,0.12250169920643762,1.1934989442034147,3.013553038673575,0.3115586881499169
Images/Heart/Heart_005.jpg,Heart,0.02629884338720334,-0.9292737914850412,-1.4151251247582084,0.1066192997240287,-1.1182915104679603,-1.1814153606846278,0.1474041563497434,-1.105127110220363,-1.1800471710946094,0.18701220602400478,-1.0928725127066787,-1.1793013690463174,-0.028665641603420847,-1.1407166986722725,-1.2003548633847714,-0.07630930432477075,-1.1361540718011773,-1.1993482006998617,-0.12122212879549066,-1.1308768593384884,-1.2001440701319546,0.2588634770233593,-0.9937585975164401,-0.181467923764634,-0.17212659614607784,-1.0012149751825765,-0.2197502851900416,0.10670308602514755,-0.7016856806543316,-1.0857966498420482,-0.055971773615147,-0.7226099979767262,-1.0993689502587942,0.482519821455659,-3.469446951953614e-18,0.13105198168054905,-0.482519821455659,3.469446951953614e-18,-0.13105198168054905,0.9412158607685697,-0.9637760193560188,-0.7741321817911604,-0.9359780876406162,-0.9801159678123152,-0.8057525516160065,0.481148141259437,-2.052288008745532,-0.74988064659996,-0.3150499846165748,-2.1549714684633554,-0.3203583543335993,0.3261924354491196,-2.3113471584416616,-1.005931412766971,-0.16027250262149018,-2.410128181320744,-0.5791985966195182,0.2646351554040366,-2.2366694861156065,-0.6829614955934976,-0.11590082744339139,-2.342649075521071,-0.27303904273252433,0.2933638384906796,-2.1031969540035513,-0.6945831877453974,-0.13838141424089134,-2.1890914104281256,-0.27304494239239896,0.20708554494445777,2.9393017719861367,0.2526244772400451,-0.47008190410235373,2.98612900422167,0.30381805993664973,0.07994085191139444,5.322910943095141,-0.07692217713035716,-0.5635732985970249,5.367473964221163,-0.024082139213922483,0.017527817370962373,7.455065938833445,0.9120380733997457,-0.6476552894201167,7.490503375650187,0.31472892279879344,0.023837968554099864,7.762940094734708,0.9300963476249262,-0.6750240614976531,7.7914495079133514,0.29270179855571865,-0.0749484778328724,8.102708816777268,-0.4776742199422835,-0.5616792444301704,8.127049137550225,-1.3694866315704166,2.0867288751043565,1.8766491960995433,2.4071947972985144,2.567132134056743,2.9588033343336773,2.8569429745021355,2.5697884489163494,2.8467294769808387,0.9104750123434714,1.3822442011685552,1.6785017424344597,2.237344539587787,2.2013150610236023,7.5106676683279705,7.525035049047067,0.9824469811042148,2.6349105642560424,0.4287262393618988,0.9199994928265185,2.7774462285973183,0.5581741055524878
Images/danielsturridge/DanielSturridge_001.jpg,danielsturridge,0.24340861921214363,-0.13161192367850783,-1.0443813659999186,0.26623817895733937,-0.1921699866753741,-0.929958592887881,0.2820330301088621,-0.19022298749467761,-0.9300312758554143,0.296387332574784,-0.18948890716864736,-0.9297603261996857,0.1924835434894554,-0.20874413735246458,-1.0345593854117379,0.1530946316324941,-0.21907390627196727,-1.0345418259180523,0.10952687127727082,-0.23025073614767907,-1.033869008356206,0.2618257685009227,-0.1977285620681297,-0.1250394041415121,-0.01665709560392986,-0.25891970459406566,-0.6409271041046788,0.23710007411020498,-0.07028708261966145,-0.7267775247495022,0.14719351907026332,-0.08312858571743736,-0.8692133026596476,0.3957614077022584,1.3877787807814457e-17,0.305569809002013,-0.3957614077022584,-1.3877787807814457e-17,-0.305569809002013,0.7631334630129273,0.12181811131348542,0.30437956984063497,-0.8811562520587395,0.2706446817489131,-1.262815021556811,1.187347802648749,0.2589289923861896,-0.5360880359196725,-1.00881019196324,0.0578234113531258,-2.8899231610891873,1.3012924421455614,0.3234968245353586,-0.7087498705124717,-1.101966387166008,-0.0674377204992988,-3.0981660866905045,1.2536342740876216,0.3254455774987977,-0.8517000971331863,-1.0511501762179092,-0.09890182325710511,-3.2090207262312447,1.200341942087078,0.315004761767502,-0.6296600216406,-0.9975341469442777,-0.05453967075396249,-2.9583111653759944,0.1378376699910716,1.0578019665464877,0.2683958885417656,-0.2586569240756977,1.0160669130630848,-0.2175596539859064,-0.06748239353726093,1.7198473023592855,0.40745226965372294,-0.5886315332671799,1.6477084552155679,-0.16437122522844896,-0.3285281552461719,2.2508793695489713,0.8835704670362393,-0.8444014122570352,2.1876068037836425,0.2773709569677315,-0.4626227859874199,2.2964268169555058,0.8938907260417538,-0.90095203997887,2.2461561872862577,0.2912202852278951,-0.08176950338666755,2.532884373912007,0.4496268671890998,-0.8406891661481567,2.4541027203840695,-0.3777631389449159,2.0615623264419765,2.600846909653112,1.4897181347667787,1.4615421318855253,2.9015413048914365,2.5279918752659394,2.642251023385302,2.578253225686639,3.22553765882567,1.1410107355111452,2.238294487917387,1.328242978452795,3.061486146842599,2.440304377586793,2.3612648984710196,0.3772722116424219,2.878523175854966,0.3383811920995326,0.26083097607403105,2.8141496808333097,0.6020704997026216
Images/pointing/Pointing_009.jpg,pointing,-0.0525882980579921,0.6256518561599257,1.518773020727123,-0.018806805387617392,0.7171389847584234,1.192282465801446,0.009406895851426133,0.7165534269759316,1.1922425621292863,0.043126350528348484,0.7151612963319754,1.1922527800507288,-0.09145533790985945,0.7084869212032763,1.2482724805807304,-0.11658162623930703,0.7023108815313954,1.2487634785953097,-0.1429565526429611,0.6955443653112098,1.2481931034646823,0.09066072337996048,0.6508563197487732,0.1795129444929899,-0.19029476281710003,0.6136802181438318,0.4216791246173064,-0.016786368085024185,0.5232378439158303,1.232946996658854,-0.09252065912089072,0.5175181718302915,1.2951443449359263,0.3899553661442866,-3.642919299551295e-17,-0.31294538247955556,-0.3899553661442866,3.642919299551295e-17,0.31294538247955556,0.9216896331660959,-0.08678304670733711,0.5836860168905803,-0.85074094098337,-0.09885127164632652,1.1180745424325815,0.7775117386078408,0.6870974812016429,1.7966541268670393,-0.835615732794775,0.7025871511439289,2.253882341307165,0.8279083363688697,0.9065797175461581,1.9130177522815104,-0.8514226520301269,0.9185793593326782,2.38190386218806,0.741036631252339,0.91234122746279,1.8899075029052588,-0.7765677172736364,0.9738999710493889,2.394011346197954,0.6963795175920248,0.8449725446556484,1.8417089221185543,-0.7572642879395434,0.8883512847556145,2.3007268861671357,0.21442859387784202,-1.9917643344572828,-0.1789910675164723,-0.18889546666990475,-2.013172084343239,0.4306052587860765,0.17375689946170783,-3.3428022388455143,-0.1125717278778906,-0.35350912339124635,-3.299431964445999,0.7889187233664278,0.09300851581009845,-4.665615349749664,0.01758498230170101,-0.45357039794966186,-4.619371244732825,0.7807789658097263,0.04558741269717845,-4.845503629806714,0.04982822497739954,-0.4079785640090456,-4.817116345786679,0.7868878845904629,0.2359919502003458,-4.83466978610268,0.00021156475239376805,-0.5029448899985312,-4.754452628996751,0.712755627618807,2.2445578332840435,2.2635434823504954,1.4754219419398227,1.4642341397662364,3.0812050870543675,2.8340112727165634,3.0838957498089683,2.861176225971117,1.6767461969388282,0.8775303669155433,1.0767714318128956,2.0747514318431,2.5043697742751485,4.666575447524171,4.7067964260218025,0.36123669625593946,2.53418249287868,0.32893960946269674,0.26042924438517256,2.6322669234709037,0.29520201780809036
Images/pointing/Pointing_008.jpg,pointing,-0.22176506317626668,-0.12946959178126421,-0.18050144934386952,-0.26128688189092036,-0.2080905107522718,-0.2396799356403258,-0.2592639763376386,-0.20810882268940517,-0.23981264251203627,-0.19096824866569503,-0.16845819788245597,-0.239999591759648,-0.26648977605636365,-0.20521118323056745,-0.1246215605980996,-0.26762816852470406,-0.2031060341405504,-0.12457923962349533,-0.2070389048343574,-0.16191235675396307,-0.1245795105644339,-0.11466651397021646,-0.15849298316191407,-0.34522774185694843,-0.13794518139594555,-0.15197854903010147,0.18727594819544097,-0.1747462020995957,-0.09766587451901733,-0.20986608245402505,-0.2073602918683462,-0.13085202612306462,-0.05517907291407069,0.08434405432264305,-3.469446951953614e-18,-0.4928347395430024,-0.08434405432264305,3.469446951953614e-18,0.4928347395430024,-0.006275013521814907,-0.12583556483284772,-0.9292445113600244,-0.2501563191524779,-0.06054235270110586,0.674015363311103,-0.3743266340217887,-0.1639450691340136,-0.9355126757856005,-0.505769359641051,-0.16526464811331354,0.4145299769641278,-0.46174701821402914,-0.17628450650317357,-1.0903733042789892,-0.5642035047532222,-0.19804950418804312,0.3655726698399035,-0.45950882850130936,-0.17864544467808874,-1.0038365025224711,-0.5840561341698686,-0.21174672797407462,0.249424760001415,-0.42319912970971335,-0.1650946355647827,-0.9090943086296179,-0.5706261003214114,-0.19622202089908536,0.3506457748995807,0.15848272261759416,0.5581367588576381,0.3365548140370208,-0.04009423633246305,0.5074935595744553,0.8938228310036247,0.34780379826749325,0.892648153288749,-0.0015184613961088426,-0.45132307704685926,0.6597240828568481,0.7046192125390326,0.23007156333493778,1.008540083279656,0.9497055646292496,-0.5694289640565733,0.8112647940140144,1.3851112022338459,0.19954125592548444,1.0020003006234854,1.0523685542965664,-0.5526099165955114,0.8413130758196683,1.460158211608523,0.22754969271212633,1.100009619417245,0.9777862899138143,-0.7082741235042852,0.8524950467529695,1.4323204932517597,1.8116509803993373,1.5886362113486678,2.809485534471215,1.3582786100338704,1.4149364312588675,1.516479272493116,0.9054192233407911,1.4008500066755927,1.3564269592021632,0.7710418558616646,0.6603045696967433,1.0208733423823804,0.6744999265156494,1.404288675210649,1.7032125391937536,0.3842716350632828,2.486709792253012,1.17244393654254,0.4361059011045301,2.8167848532254043,0.34457520241512307
Images/pointing/Pointing_0011.jpg,pointing,0.03633218824232215,-0.37963071686210476,-1.4297092354104757,0.06870765318629335,-0.4769739951828002,-1.197190042493528,0.10178695890366987,-0.47718493080199664,-1.1964828403498018,0.13220224003805411,-0.4757331890319758,-1.1965714533741285,-0.04494486152983761,-0.46696415224765825,-1.2220767923004154,-0.08982202601860927,-0.4605418001588501,-1.2208244019818097,-0.13439457969362065,-0.45299855485735174,-1.2210058831576818,0.15912623049025632,-0.43243311079513497,-0.1285948911305657,-0.20571430244721187,-0.41111913753033874,-0.20211370267484616,0.0957913186202163,-0.27676426024623996,-1.0645695350687443,-0.034860178924017986,-0.27005784045409825,-1.084455552990188,0.4441845642175544,-3.469446951953614e-18,0.22956496446727506,-0.4441845642175544,3.469446951953614e-18,-0.22956496446727506,0.8020498849239577,-0.4439352547012285,-0.1640036663344417,-0.7645315824063396,-0.4978820924949136,-0.8948183620220003,1.1001139785496044,-1.0499714098833262,-1.13673298221573,-0.8970694023259659,-1.1072653427791375,-1.7683969373979687,1.1853645896621694,-1.1206872488189763,-1.5257404357736815,-0.944098754102429,-1.2773376806445436,-2.1814993679656123,1.1216251696840576,-1.191637759612019,-1.6401708062299822,-0.8794273133400943,-1.3220695929757142,-2.201463999362419,1.0885590245095713,-1.1824164899908811,-1.3009785525325472,-0.8591479295056828,-1.2657408017617275,-1.8656134034479073,0.20256965619566997,1.467036226511604,0.35330913356844257,-0.429895852269288,1.4040833327250803,0.39260877549291073,0.11835120949188173,2.762063277122141,-0.41535669058986113,-0.46388170165661524,2.6908654371373806,-0.41073732448138195,0.07773167509490556,3.977363671161221,0.3759642727636761,-0.5605344693110413,3.987449270164541,-0.49123358726049243,0.0687388654441703,4.138272346516546,0.36756088568820666,-0.5816918425752878,4.161476829286397,-0.5642521022220496,0.002308934852357003,4.301787686986018,-1.1500980176747158,-0.5052894423626987,4.3284913812500845,-2.324836094155822,2.750571042868245,2.895297102152232,2.435346531142313,2.5271386677336714,2.5167070528427167,2.1659257640535317,2.0295384324065715,2.64343661333529,2.0954768917524986,1.2910551603419467,1.2310158559443491,1.8986449379043164,2.2711225814798683,3.9958494867025265,4.056508475360844,0.19516782299157887,2.7902181147559384,0.41535577909626076,0.15765795836249463,2.92320186519882,0.5792977733423019
Images/pointing/Pointing_001.jpg,pointing,-0.06805871293500956,0.9406936458192603,0.10387685785165801,-0.0521232728558601,1.0156867530759452,-0.08838548789307063,-0.02808969811596862,1.012243993190522,-0.08912412465304131,-0.0018164979594124386,1.008826182735814,-0.09011991288433632,-0.12701458924483838,0.9994096833956055,-0.04545269033805658,-0.150381204250346,0.9852835993564555,-0.04517050642262105,-0.17825513730347825,0.9720082196122858,-0.04548706503403705,0.03412117711310543,0.8892143747437399,-0.3162698400152796,-0.2381255665128846,0.8541343704256068,-0.12021178524505542,-0.008480567941934414,0.8282854231389694,0.1002614063782552,-0.1011673373753964,0.8165583507111023,0.1562285616502418,0.46371014022987195,9.71445146547012e-17,-0.1870104431522275,-0.46371014022987195,-9.71445146547012e-17,0.1870104431522275,1.0918745298787775,-0.3095205826205648,0.5411665280124539,-0.9011853523818368,-0.4326800352410907,0.9621254328728326,1.0712615992730958,0.5701573131748987,1.2934049816422528,-0.9797390740306405,0.4601275595190034,1.6440423574906406,1.0852589120734166,0.8219190504314187,1.2367073678235705,-1.067771788026813,0.701579376087936,1.6515635289939226,0.993368525416546,0.8811792110385303,1.2615983026449045,-0.9775258722500604,0.7678423823768029,1.6254195964551839,0.9645126702605702,0.7693739383913519,1.3345746050727447,-0.9217053287224892,0.6853182196773259,1.6598639101779533,0.37176647234295557,-1.5097306587818413,1.2032142720054697,-0.0246882932763397,-1.5410194870838787,1.3489569494250162,0.3741277945490915,-1.754374882139491,2.885727221715389,-0.036843747144380434,-2.0477819139111415,2.9998007881649627,0.45170930718996477,-2.572559417896755,4.631398248099843,0.07508050932909571,-2.726995410103214,4.722463884327252,0.4550059947405567,-2.7829578199541274,4.853452795510715,0.126367560301481,-2.895861100991194,4.945944442645244,0.44079217687672534,-2.4189488560026966,5.277532102324771,0.02009867910313201,-2.644094115821472,5.283410055564972,1.7972078124841149,1.7299471774911406,0.8160781830185829,0.7923996223680754,2.4580681254813204,2.478513565680005,2.8452223344202885,3.038740042761419,2.083664291080452,1.6882905866314248,1.8531634062833215,1.7735775208264697,1.9683702135103331,5.317137668832134,5.45378824198193,0.3210667958941751,2.3099787203675737,0.37167838808875603,0.36775549110254135,2.4252725618486606,0.27647058770948035
Images/pointing/Pointing_002.jpg,pointing,0.0943306307540442,-0.8097005853360321,-1.8071308586727866,0.1388996601424516,-0.8838589637994299,-1.5623503601567785,0.1720745569034713,-0.8688011718179198,-1.5616237527335808,0.20219537342955346,-0.8549035480120502,-1.5605691431809772,0.026254540014712627,-0.907292059370079,-1.5650176804661817,-0.012882165366430956,-0.9040457630430435,-1.5645982304286186,-0.050478431642910236,-0.8978683917499777,-1.565607519473797,0.21557017468088807,-0.7509258701384126,-0.4200015827592851,-0.130129839648394,-0.7793557365206878,-0.378843972388643,0.15183763574420883,-0.6367644128096503,-1.4284478951194988,0.005529136133707518,-0.661156905462962,-1.422660587355313,0.4999333038306485,0.0,0.008166499921784146,-0.4999333038306485,0.0,-0.008166499921784146,1.1993309316265697,-0.01583947146942051,-0.3510132136042209,-1.103392463065894,-0.14918298790404616,-0.5749772768559165,1.547129784391513,-0.8445748826444864,-1.3296442130907786,-1.096643458745081,-1.1239887397901736,-1.6609074017979095,1.6658208138475519,-1.1006346851567603,-1.583184479832742,-1.1321994046449912,-1.4274777945811459,-1.9995665745594893,1.5991690000085468,-1.165331170272242,-1.6171195882099985,-1.0529539834122397,-1.4854640614287191,-1.9424237353607128,1.5485894834132035,-1.08109908594984,-1.424837854462767,-1.018021340965149,-1.3842499070533032,-1.7201667221416586,0.18856192603846117,1.8843813431600347,0.27992976278710385,-0.3751211179609717,1.9239174127301946,0.6809141646853509,0.1425585536319192,3.7084002193163728,0.6629407339378228,-0.492998978745933,3.6938907175462155,0.8139039325304435,0.021063872548720386,5.130706064862791,2.338049508374539,-0.5926732864935953,5.154109494113399,1.8703087891221901,0.02251081121274401,5.314862747416446,2.4288368398777367,-0.611952732265678,5.339824510415427,1.923885563349481,-0.07732051293795228,5.60637424815604,1.0506314677371114,-0.5474462293152794,5.628752205024361,0.297847568327262,2.191689686993946,2.235126480120048,1.8003692401099571,2.0232104524109307,2.990234576957407,2.844210381373363,2.4815973792628307,2.591228698259578,2.6790566184540463,1.5296519519588965,1.2403941410813337,2.207911011692064,2.285736415278577,5.638356490534897,5.514903559310961,0.20379479809630202,2.9439445845284515,0.365607481545669,0.24843569480156344,2.942547258656273,0.4697548609400302
Images/pointing/Pointing_006.jpg,pointing,-0.2696817674958615,2.3897807816554524,2.3201968197214433,-0.21330348753178854,2.70208782698978,1.592287637724099,-0.20659061781522653,2.7022242160294416,1.5951078001439178,-0.20107288006168644,2.6985940025118698,1.5955059266310667,-0.18931366021714954,2.6384569928500317,1.6395930029745232,-0.21926060446110246,2.601210857225222,1.6423697940731163,-0.20823530036051213,2.5618133352460886,1.6393497129596002,-0.04413988581915372,2.316777598506913,-0.1373006001587431,-0.1413632591517318,2.214386537839497,0.09006332873809358,-0.2692481621797813,1.9940340024956902,1.8685277093868364,-0.20107273778828685,1.955420163920731,1.9219911178912135,0.36595311070853054,-4.5102810375396984e-17,-0.34070268675598964,-0.36595311070853054,4.5102810375396984e-17,0.34070268675598964,1.5036375775745858,-1.8549121397846802,1.405717729923019,-1.1595926241560088,-1.2897906815178084,2.995079530404318,2.419442649245304,1.125518608295556,3.5786506074505366,-1.986885765830199,1.9865348219019636,6.356181755944798,2.5077609244510706,1.666429536199653,3.495251833984103,-2.239678167107281,2.6260169084159437,6.339010134539906,2.218391204100563,1.8719247512292256,3.392323946891873,-2.1007938432980082,2.84915584356576,6.317732352545598,2.047486580599253,1.6526429192756265,3.592781702483977,-1.9766083852245222,2.61468415610853,6.390947248935192,0.18401884985981293,-5.454753605808059,3.141758542537093,0.675177849697213,-5.3412405323680545,2.9396471376988664,0.30939744871374714,-9.239674835326998,5.9996674423891365,1.1286056376354539,-9.241035798946385,4.76513896923939,0.5576387412131357,-12.608411098945636,10.97568838300947,1.7529096452596549,-12.842175025651523,8.203468809872655,0.5633343943012277,-13.148559498534668,11.406970063837573,1.9343946988684442,-13.355137146867245,8.434568660545763,0.588601734544746,-13.50174745927363,9.453297863918715,1.5617236688472547,-13.872130033652306,5.599600794361778,1.5055201997947434,1.9470947728744312,0.48355300948089563,0.7907640239170266,3.045978374856371,3.071396833585421,2.8125150937107835,2.818673681485667,5.279371013904096,3.226988519897755,4.404607960009016,4.463993172128828,6.94946632193388,16.72569062510264,15.33919985294101,0.4254337873085961,2.142720643293954,0.43372587440413013,0.24576549388617816,2.3082578748048896,0.17796190096098907
Images/pointing/Pointing_005.jpg,pointing,-0.037345991893790405,-0.33374065124149344,-0.7381751051538137,-0.004344834460837929,-0.36905610149006796,-0.6773980749996499,0.013861726411472923,-0.36316567091724766,-0.6774835038096972,0.03169522831669921,-0.3574615578004144,-0.6775296936649984,-0.0495944920513948,-0.3802072116908499,-0.611182077272471,-0.061090718551142606,-0.3826471570185251,-0.6111586086404895,-0.07171809691662576,-0.384444631193571,-0.6110719092357171,0.06631886859102357,-0.310396411462884,-0.32307868461882583,-0.0754529221118855,-0.33225341025431815,-0.005563266304781794,-0.0019002156141648477,-0.2687389791955005,-0.6177861054675492,-0.06169716403839119,-0.28034659338029483,-0.5267866344409625,0.18260101123703862,0.0,-0.46546414544539405,-0.18260101123703862,0.0,0.46546414544539405,0.32156341822191725,-0.06101627410937585,-1.5072999498775743,-0.424508710064354,-0.13029399672995925,0.919952169603114,0.2629478524000114,-0.3721187214983279,-2.4364757075954913,-0.5547059206734276,-0.5023702541098287,1.2609684705824298,0.25493119546570514,-0.4741588498922252,-2.6361767248406824,-0.5796478845473816,-0.5893531029339154,1.2661897180122532,0.22679138550993866,-0.4760684416513095,-2.6253629173578377,-0.5500376768171661,-0.6097224130384681,1.2889634094199958,0.21898591935401374,-0.4407393967542601,-2.4652333022315904,-0.5350094831290864,-0.5810897694993702,1.2623193369978243,0.1981006001905904,1.0499177509660238,0.05688904299444452,-0.034232317157645964,1.0698653296407625,0.6624991466512234,0.2836233264866032,1.6947688793994795,0.5012859197618362,-0.0013507602591165402,1.7153001549552915,0.8837719474350656,0.46845662362115403,2.048697689462869,1.8642946054799503,0.053913199095906555,2.324250956246664,1.5854010813208594,0.482891638099584,2.0325869557840686,1.984092404914706,0.11560582027847927,2.4303065176332166,1.6186512746823623,0.48673213799064546,2.3537527739872974,1.6300567308619132,-0.09200524884780026,2.522679322113362,1.1701378391725508,2.8150846958103473,2.5844876998532276,2.0838990732133174,1.7183711103294548,2.9709109125339923,2.970171171946934,2.4332627640459066,2.6165275518362288,3.7890126161192286,1.7250722319517968,2.0718765106245827,2.478714947240662,1.466327389926111,2.8093074248018266,2.813991067737003,0.1339493546169232,2.9335497622315745,0.7239192147706887,0.37435650501380174,2.5765609236034854,0.31063018402695275
Images/pointing/Pointing_010.jpg,pointing,-0.045995998688454096,0.294396609408851,1.3731720797346276,-0.01179248806408982,0.3268916592268201,1.0424806294399651,0.020416384688767223,0.3241720184068024,1.0426475499392676,0.059324486327085535,0.3222552779400183,1.0430760312209657,-0.09481389653296467,0.3243469088795283,1.0471660167885024,-0.12330877678094393,0.31893785046439554,1.0470106518793214,-0.1547949380417301,0.3139376921463999,1.0460277911615534,0.12279833194364549,0.28827119342352653,0.14133763611071298,-0.2361158864107334,0.2791827438655751,0.13102947194299785,-0.0019280232908818063,0.2462975800710083,1.1350049395374107,-0.09759624483345272,0.2395944574733182,1.1302297652536308,0.4999166548877782,1.9949319973733282e-17,0.009128973973786,-0.4999166548877782,-1.9949319973733282e-17,-0.009128973973786,1.1552058117546082,0.06876791280145304,0.3891685285480425,-1.1741173977638937,0.04142481155820772,0.4953158682843777,1.2156439503820988,0.4768817653342822,0.40147407646822625,-1.3920260106621303,0.46482680002325794,1.0994638443359253,1.2994102760487205,0.5861692942492681,0.30696726044059336,-1.4379055984994682,0.5632978152500315,1.0336455719009148,1.1805763209884077,0.6071708158419933,0.1772460546331797,-1.3374440340099145,0.5930015487327936,1.0630287797936797,1.1330583041855569,0.5789197447092387,0.373277743236821,-1.3027886022463429,0.5643459745876477,1.1411567312723423,0.2754645031333137,-1.0372462529788715,1.6448840147174355,-0.23860458993786232,-1.0509794352309232,1.520297210379454,0.23908554884009775,-1.7010791191762846,2.354385678131299,-0.02121532755005322,-1.7646245990774532,1.8964620239189147,0.13287261503705658,-2.3498986752195434,3.1495987501523484,0.08538877142737573,-2.473900064625859,2.4600258430172097,0.1243238119119012,-2.5023363929381737,3.227646476946594,0.10233371483947,-2.5874963101012654,2.503229710028914,0.23700373857249293,-2.584659724882521,3.043761446898968,0.11211598665442898,-2.6480214618209303,2.0618115407442548,1.803324653853733,2.379682830960863,1.295444358614871,1.2140123443909963,2.939516689375578,2.652472390861822,3.0473184619185503,2.9076130473579895,2.6994958166237386,1.602882778863067,1.3841096203450756,1.3661580678255907,1.8337451058916883,3.931876295432829,3.489871046378969,0.7325831814982487,2.0343309439475683,0.8753455965522782,0.8172041077912315,1.755681329363977,0.6453681130099292
Images/luissuarez/LuisSuarez_006.jpg,luissuarez,-0.019433741607467886,-0.31857277689477037,-1.0304909726939508,0.04491078941910985,-0.41078605912905647,-0.9463254408978272,0.07812946463247361,-0.4107944102194907,-0.9471058149744163,0.11153119758185565,-0.40903254460714594,-0.9483535412562385,-0.09763399034305051,-0.4109035434433653,-0.9644039663214854,-0.15072236850109397,-0.4108413499686706,-0.9648136380919968,-0.18944872344744804,-0.410688572508224,-0.9653499957929155,0.1659894808121221,-0.3694428720896712,-0.26250035787475523,-0.23448509753876717,-0.3781604764509982,-0.32609166548659885,0.06229381762554118,-0.22132278067139616,-0.7478879337185809,-0.11786633991406223,-0.21749173908885827,-0.7682933019473126,0.4788827992724182,0.0,0.1437750484646511,-0.4788827992724182,0.0,-0.1437750484646511,0.8230002203366742,0.34404104811426933,0.8088715470564203,-1.042878620238448,0.4508830998032655,-1.4722791389165006,0.964542145252423,0.7847071062188894,0.9944337260758709,-0.28115555514305474,0.09861193875454241,-2.767563783270718,1.1105065999499462,0.9322757864226529,0.974789598901479,-0.1117095046895764,-0.0017248223981440637,-3.0363658637929953,1.01577039753286,0.9357757200728709,0.8494704134292718,-0.1030770134997571,-0.07756751465226704,-2.811917223891993,0.9385983427339338,0.8963800373406816,0.9653361977025472,-0.12083211694731552,-0.03309392781903392,-2.6898184355690917,0.32652548751061156,1.1579553557328706,0.18924657280673127,-0.25564329926041307,1.1068440796668186,0.09984986082243101,0.32888805242048114,1.9134183015771478,0.039537479294912185,-0.26477888103633695,1.924393016815435,0.5032721628614153,0.20755714364190092,2.484510518277659,2.45711198627412,-0.32327580891557434,2.412190892981111,2.8649630246242115,0.1848846367504976,2.542689007089046,2.686707690528121,-0.32320244080590493,2.483219906050738,3.1157291366289366,0.17940933776737011,2.7770150245001215,2.313922698705182,-0.3437309137580488,2.6657738228383643,2.711854671858954,2.4780038708575503,2.0774059999673633,1.1695531163700394,1.5424549089835509,2.8718495347633874,2.8260662553866025,1.6069418613684912,2.2329145298557314,4.021829757699654,2.507140818161807,1.8055368575293123,1.5921699746181968,2.7835556497265252,3.5004673682811354,3.759146882641717,0.7585603853747029,2.022560801982736,0.6840526894531989,0.7881822756807029,2.278197491379068,0.5414215157771723
Images/luissuarez/LuisSuarez_012.jpg,luissuarez,-0.0190183583915682,-0.37495326966123876,-1.0756491302595865,-0.020437467248733396,-0.4742258926452356,-0.9619051156403889,-0.0076016675357451075,-0.4815903487811743,-0.9623229899412664,0.005315237587086505,-0.4872178704688178,-0.9630033145694995,-0.0755445105953885,-0.4512376546867223,-1.0040232331406131,-0.09753110489436341,-0.4445758655843412,-1.0041041923941363,-0.11982415646560085,-0.4371793167026747,-1.0048914544099903,0.017279976405966874,-0.4514356314526635,-0.23124791931795388,-0.15908014432330936,-0.3982451603256582,-0.41281241251723577,0.026443656552214694,-0.2856764476369706,-0.7868040400326186,-0.04452300427349859,-0.2677402179897329,-0.8401574336314004,0.2611129400079525,0.0,0.42640360289331913,-0.2611129400079525,0.0,-0.42640360289331913,0.5405777319564146,0.43873175379609725,0.816503097008593,-0.3585580870560673,0.2411356254591957,-1.5153092993616106,0.8035016158371384,0.6361519352753127,0.5197784917416053,-0.08283353934148355,-0.1030738771435722,-2.625923107584496,0.9217055136764928,0.6765895661158492,0.4729428296071658,-0.008965357562501181,-0.17515916865725475,-2.86615857163808,0.9043290271519937,0.6441528766651522,0.34447466213517625,-0.01217889417749304,-0.229782738939161,-2.805339667269905,0.8611215332554464,0.6348317045758817,0.4608031897153369,-0.025701811208606838,-0.19790850955893302,-2.61957003033824,0.3396558209049797,1.2081399511342927,0.35158121647802787,0.0164055165072082,1.262739528984356,-0.06897588278393721,0.5024558500977023,1.8986554569566922,-0.37562618149908483,0.2155075585496907,2.0696028046277157,-0.010670318406595065,0.46418660031286363,2.5194976140452403,0.9902219490533264,0.2899800703469524,2.6361183119747515,1.4822340190981862,0.430795769820568,2.5826387153885095,1.1050511735345858,0.29587618871839183,2.705004917160859,1.6131349898969956,0.5188510884405966,2.81634660077386,0.5284025650154008,0.373983465968094,2.9058715171626304,0.9599160535407785,1.7253887678932336,2.5354468846061584,0.8461371652282853,1.645284451280589,2.3912905286904067,2.940331849852435,1.1871046233449563,2.0039468727380036,3.3507437026807443,2.060160707444775,1.575227026865093,1.1491187109627081,2.629250422902973,2.746611901138681,3.0381286811619748,0.7114616662527028,2.6762936128114885,0.25782712359367704,0.3099163747423338,2.8289978430733114,0.9485865380022268
Images/luissuarez/LuisSuarez_013.jpg,luissuarez,-0.3255111045829512,-0.20860293376445227,-0.44904124796923806,-0.19291022721972007,-0.4307987190780206,-0.5299936117143529,-0.13964861785671745,-0.4520049482453083,-0.5299635319769654,-0.06828620700971513,-0.4584914791203034,-0.5304862485644424,-0.2779124224527575,-0.40855873812996957,-0.4500788907086096,-0.2910856537044056,-0.42465556607698596,-0.4502276663881337,-0.2984067421591494,-0.4306955200691616,-0.4505683897443674,0.055693657523182935,-0.47589937257221243,-0.47330455959047324,-0.2109213637368864,-0.4350923193020887,-0.13268150521489705,-0.1469321982760367,-0.1550834748613858,-0.38713974523779976,-0.3303198896082605,-0.05849358863941442,-0.2879143738318074,0.2467486014189482,0.0,-0.4348736916597658,-0.2467486014189482,0.0,0.4348736916597658,0.02514184823643495,0.9887476385333026,0.03250732367527075,-0.4628305804176889,0.5332986958389364,0.8686544907028095,-0.22679715986951357,1.2003837098802494,0.7035103621418078,-0.6400383238762164,0.6666826352698724,0.8629441149460073,-0.2680340107549252,1.282777239849104,0.6254233097838326,-0.7118527598633551,0.6879628195992014,0.7939160137142535,-0.28377692923240005,1.1597227030615822,0.5549385864490438,-0.6832625638637406,0.6402474426389013,0.7210520967626391,-0.27369318028013906,1.1396725633267848,0.6887944998279805,-0.6279770333223534,0.6458948062335582,0.8227271273573044,0.46274717806905685,1.1799027805877234,0.7998667433438578,0.17884782622948625,1.2176095875003854,1.3594947662616241,0.17412546856848943,2.095252232756743,1.5621812067699066,0.005121709238300132,2.0510335746700346,2.1859606264453686,0.14634919906212085,2.6868883137078994,2.4643340970996674,0.05832143702576886,2.5675010935378983,3.009574673253625,0.18757115080232678,2.7638278574032142,2.560781312616598,0.12312072142312325,2.625976820581128,3.1019296378794423,-0.11811744396866264,3.107960562903758,2.5540471302586196,-0.08972521924550592,2.895547407468088,3.125421696378025,2.337746232758668,2.303559651672718,0.48894280048113625,0.5769857106896155,2.7609582200993756,2.703273533848337,2.7801526572759174,2.836589865901911,0.6935590949609965,1.8230093304258248,1.6082157167307947,1.4097109038067508,1.2644316263525703,3.648798355696603,3.9563876161499545,1.0069528638558682,0.6991683113021173,0.9629106355716356,0.637085195809994,1.7192354568959787,0.622535772154402
Images/luissuarez/LuisSuarez_007.jpg,luissuarez,-0.1811902219588598,-0.5031806693778791,-0.5592962638937722,-0.13696865261778102,-0.6136622413783496,-0.6113884993077424,-0.11328424846528384,-0.6124707766306839,-0.6112820221343959,-0.08743851043354452,-0.6120126935188992,-0.611115260869871,-0.17504465947682885,-0.6193076008155248,-0.48712815474819227,-0.18339109035926462,-0.6212621845377018,-0.4875727101903437,-0.1926596467744853,-0.6235305326523071,-0.4881838150021477,0.029722649659902643,-0.5692373399865228,-0.5805282360488223,-0.13038795607546158,-0.571571973165634,-0.007098491466533994,-0.1391336486696485,-0.3745379052796523,-0.5302907164523695,-0.1909509345930729,-0.3747925973866889,-0.3662070085079958,0.2807354830028889,0.0,-0.4137482188277487,-0.2807354830028889,0.0,0.4137482188277487,0.45688204543721866,0.7602363444909428,-0.38583594298014023,-0.6848316245302503,0.5565162483116308,0.032223422702917066,0.39049242141387164,1.3352573141465904,-0.4135945950453084,-0.37086401208020575,0.21238646779804135,-0.8440391100687044,0.3953688079177016,1.5275401892389582,-0.48870814886373193,-0.30581812972679756,0.04732294293078565,-0.9814635295192836,0.3370032998920127,1.4882327806103777,-0.5191635869690627,-0.28496547189996607,-0.01814511471657946,-0.8399410632378136,0.31996811032311584,1.4172273202708165,-0.42225728121596384,-0.2834420126740897,0.043445064791876556,-0.8143905676372117,0.15850368708228296,1.2921778050302348,0.20392938650793954,-0.17970011291697804,1.2287293126977072,0.8126398922020092,0.08584403205340235,1.8535035886336668,0.08865139802081592,-0.2381095670539446,1.77815532479511,0.8831630879405388,0.18930574501615355,2.8686691671282816,0.9303842045687759,-0.16306648042589172,2.8122396332846207,1.4784623963487227,0.2487100838123586,3.0630031053178377,0.9759427410549822,-0.13632592180198733,2.9875236536903147,1.5253183916250737,0.07654355166612958,3.1312535661735206,0.4299356428657772,-0.22802668130908826,3.1306447845596006,1.063196440767611,2.7889985098889434,1.5912063220240742,0.5128048555195114,1.0683410897841208,2.495628695175857,2.8806103791068005,2.225531696446176,2.713204257091004,1.4233007542034308,1.930778143729719,0.793152547063262,1.451363812148535,0.9460708992911292,3.021707170398823,3.18137289381055,0.38034161540863215,2.572975646374147,0.6075704437369491,0.6759264503196541,2.0049503587202007,0.1830532157432869
Images/luissuarez/LuisSuarez_005.jpg,luissuarez,-0.004092448671322579,-0.36535211993970423,-0.37676738960118167,0.06530782768530136,-0.42583944194103507,-0.424408713860215,0.08099552924180911,-0.42335657498202706,-0.4242283148997057,0.10159224918815671,-0.41983788741238937,-0.424705517042949,0.0412164751891769,-0.4327762511254962,-0.30734805518698854,0.03817898797548472,-0.43527274943530336,-0.3070480032292267,0.0351676646080846,-0.43754521096202936,-0.3073053307304901,0.17154918285105786,-0.35843092501684637,-0.45409804288699407,0.07119063180968899,-0.3943081665305641,0.08013325043950492,-0.015592818555817012,-0.27546851317069854,-0.37811360841555675,-0.04457272398530765,-0.28478352492609943,-0.22480747011404403,0.2116525801672334,0.0,-0.4529935819728055,-0.2116525801672334,0.0,0.4529935819728055,0.13730597855165727,0.5123916123331687,-0.39334392704381016,-0.6671805946308431,0.43610134878537843,0.3863086051123093,-0.12506063849270843,1.0411570162330621,-0.31248473629188867,-0.36358251514584083,0.010031634256391475,-0.09079016731992935,-0.14993726710781385,1.1778092502731907,-0.3872431566249818,-0.30798800382490443,-0.13189886343723706,-0.1521853952011585,-0.2119780474723541,1.179336286456366,-0.41928729586818164,-0.25705776768124905,-0.15848432468523543,-0.08487132830266124,-0.22354858356191648,1.1354119396613342,-0.31453391646512235,-0.249701476943481,-0.11817065337492691,-0.08144619995866544,-0.30964999501312873,0.9212773277755577,0.07807964151163418,-0.5580442705894921,0.8893420535299695,0.5439103825589742,-0.689105405077229,1.577610227107065,-0.04408072046393473,-0.9155966172286648,1.5021660799881367,0.715217186420517,-0.9494808639570935,2.09773840219908,0.8667217257249757,-1.148036952271299,2.0404941915500996,1.438708596740117,-0.9640835372968419,2.179704924112337,0.9331877397459173,-1.1798189053006198,2.1202439706572425,1.5019816165874496,-1.1297955766317667,2.2677455948399214,0.5484836463871086,-1.2745534530043343,2.230902456573377,1.1442010107003326,2.8268738269476006,0.8619221020989289,0.49722684290728447,0.47893682206285454,2.5167578528389107,2.931828553005503,1.9783278495194776,2.481519394004459,1.0813235967601602,1.4131643614960743,0.5932360765090987,1.0942096719399568,0.3748809590891625,2.4603306413824013,2.747997055286629,0.338098484984369,2.419690073400313,0.6097650742308658,0.45254181070294025,2.370913626230995,0.16432273938023273
Images/luissuarez/LuisSuarez_010.jpg,luissuarez,0.05295515426640514,-0.4866326734625843,-1.2837563071886162,0.10483572538398683,-0.5839967250830295,-1.175226214697335,0.13536859921737873,-0.5834403876377757,-1.1747156395396232,0.1630711680492936,-0.5811106471753258,-1.1755150141071944,-0.010351691901659736,-0.5832998894838117,-1.183262223701319,-0.05835528259116238,-0.5820932280410028,-1.183026573628529,-0.10189631191625018,-0.5795691703447531,-1.1841228587497694,0.1952925678796535,-0.5301347571394125,-0.37395897575345943,-0.17993395474645618,-0.5376609925627245,-0.3701094909366736,0.09748156850850892,-0.36967100418510385,-0.9808331547191438,-0.048096312080035314,-0.3694755974197764,-0.9803077447063063,0.4775004475158363,6.938893903907228e-18,0.1483014585976012,-0.4775004475158363,-6.938893903907228e-18,-0.1483014585976012,0.7784183580444671,0.6376063598446388,0.16920579725583507,-1.0347758700370715,0.4851264930474379,-1.444836792814377,0.9637830707020393,1.1877469873291167,-0.5360042605902807,-0.36782143479403306,0.16543942885991933,-3.051992274711033,1.0613838132499247,1.3522812479089832,-0.7262070609860979,-0.179246742352494,0.008988187663709131,-3.3995488103287363,0.965531992227927,1.3295384020326035,-0.823824143109174,-0.11266343029284312,-0.06672742334293807,-3.1861954180672525,0.897899352127485,1.2809543582628384,-0.609459952913182,-0.17057304140569032,-0.01588945776190267,-3.0002474462275583,0.26452192216155246,1.2592216366453812,0.6227466034698297,-0.4078439365063874,1.2215692221571335,0.7146386655288166,0.1775187159874058,2.248310096855027,0.9168726768441676,-0.48029474729840327,2.2208923580216813,1.4245385487047728,0.08581968374293819,3.145239901837137,2.435034396468907,-0.5573897517623957,3.0956955711456255,2.9734212788719225,0.08947454454410067,3.285105013839832,2.5132301985440253,-0.586239908180618,3.227314587217445,3.104114004567722,-0.02165464902247738,3.4485010908221017,1.2723435543087083,-0.4882357200943599,3.433278675188522,1.7667326043712215,2.2244984683716336,2.2015288566140523,0.6775271113411432,1.8264618096478993,3.040036478112409,3.0359840202603716,2.39462297536399,2.7028942106370377,3.024645266863534,2.0475077203818812,1.9310384256582165,1.6207779862313587,3.0785255654958044,3.9786042238721,4.32842332798315,0.4418306031504024,2.857192792428731,0.6660592527862356,0.5867310143321227,2.349775425994314,0.5618096757369265
Images/luissuarez/LuisSuarez_003.jpg,luissuarez,-0.1528439435752867,-0.139449474182597,-1.2086755852699764,0.036478707461880686,-0.24322113379923135,-1.2805571904720652,0.0807484527500495,-0.23519196519290364,-1.2804149933969935,0.12122863949448962,-0.22671837903466652,-1.2812638831055347,-0.08136906662438698,-0.2753611671127734,-1.2113318981780137,-0.10925752796852628,-0.2910152168875335,-1.2116581465615746,-0.1318680007495543,-0.30648868891503883,-1.2119377113770928,0.22076304881629713,-0.1982472564438007,-0.8774665807280891,-0.0842575154253297,-0.31728173443800073,-0.5585049476596406,-0.12206460513933462,0.0011533578658289231,-0.9888895257905846,-0.24617089634359215,-0.04947360927399659,-0.898021302077886,0.4751852226453101,-2.7755575615628914e-17,-0.1555602911398892,-0.4751852226453101,2.7755575615628914e-17,0.1555602911398892,1.000052553657528,0.34057105905153967,0.281032486083713,-1.246075274775924,0.6504988913579034,-1.0360901903663624,1.0108222892613854,0.9441544952491296,0.28395691649556476,-0.5487966710019508,0.23609320229670752,-2.6745465975070255,1.0234017690773771,1.1292924530674093,0.24922461016838438,-0.37243167464641824,0.08782505797755033,-2.929315104960752,0.8874036327212472,1.137806052254978,0.139555160735405,-0.28958664317824245,-0.013318737869742608,-2.745269162399096,0.8347359545788037,1.1074617415407357,0.26508181984194495,-0.32424873463229986,0.0516923775196273,-2.618271255442239,-0.25205644731528154,1.4914007050742306,1.3981743888055875,-0.8669068233834526,1.4094088647614034,1.537975784122287,-0.9054326884618925,2.5970115583042785,1.3839122513457114,-1.524172323855498,2.47003455474179,2.2099038821633856,-1.485431961779601,3.5665275340110183,2.522348059858926,-2.099704160312263,3.457483215709443,3.3790311518673857,-1.5692993281430905,3.6838160073261412,2.5988379234788095,-2.1675632966109624,3.5909943245671014,3.474155092570249,-1.7319096279272421,3.9370112044966645,1.9173589777904723,-2.266764844988937,3.8385862656175016,2.81070467906218,2.050321402056968,1.9837074868598752,1.0883837517315127,1.7076081838435977,2.3745481907096435,2.7934080678496445,2.3412508556711566,2.8380840378070786,3.418553076691368,2.1808870785392225,1.564157501254501,1.4120272454143494,2.74045932071796,4.613985966494609,5.270749403361477,0.6955500254752641,2.3504942422972706,0.5389977116100952,0.6439036521523338,2.210259555469652,0.39327442991623085
Images/luissuarez/LuisSuarez_002.jpg,luissuarez,-0.11041833518664276,-0.6008257886501344,-1.8180161581485692,0.023398269049083598,-0.7217094707478325,-1.7085452436899438,0.08126136440015744,-0.714530891110126,-1.7079150899204434,0.13036146906304175,-0.7044645771220992,-1.7082459814750846,-0.10563394803750545,-0.7346782668255368,-1.660129129483275,-0.1318512205660698,-0.7398363414824356,-1.6603080674964465,-0.15430719723581468,-0.7437074564037577,-1.6614425212289028,0.22576592080762456,-0.6327274045879541,-0.7908971432026295,-0.14349955963543756,-0.6927861405233354,-0.5151538860894046,-0.024862049684976878,-0.42824425170277836,-1.465235330904798,-0.17961028819580213,-0.4608126200969204,-1.3882433247182733,0.4981375021540958,0.0,0.0431164579676747,-0.4981375021540958,0.0,-0.0431164579676747,1.006483794303522,0.4695597449005815,-0.5095529493297785,-1.1351858840103706,0.830201772770796,-1.5479741448270758,1.2244468521493175,0.42134933178601397,-1.5925248440545274,-0.5429260746681998,0.17844061017566815,-3.6035498967259536,1.2545040664374347,0.39460506655417316,-1.7315875494973314,-0.4111787318477335,-0.021035654019128616,-3.92587277568075,1.2081027425177555,0.3568472110251635,-1.6076427837334868,-0.3556627856286345,-0.11266827182180471,-3.682207419895398,1.1432427115686106,0.40880032403839595,-1.5643501802030932,-0.36684141260472725,-0.042222520357662274,-3.5390202927818764,0.053336882966958044,1.7512373061865154,0.55404735026778,-0.5117119589711585,1.7046069081014796,0.7568837557587073,-0.20787855363253438,2.939005996573812,0.8985327818092261,-0.8663104439205904,2.929193834322742,1.777409228401158,-0.4132239021192303,3.894598605962912,2.9828088970932902,-1.0782032739033247,3.8747859429365588,3.866251304303769,-0.43043495553894506,4.078532586968627,3.136201462930838,-1.109485135541303,4.046470305207366,4.054599377836758,-0.5789417831656746,4.3051839945387895,2.0934355463053214,-1.0910793904953129,4.334691236434554,2.960002373637004,2.3479008468401763,2.1301178750325427,1.3809434996219365,1.5070335476628178,3.1105512472995827,2.811093761643759,2.285312456479515,2.6788041039653745,2.688277045238084,1.6963352787500414,1.9956076259246236,2.0525449403279312,3.6485862511537417,4.922987021253437,5.578923511885174,1.2262976965424297,1.783384157926759,1.27801723423459,0.7092653417321787,2.192506201844361,0.45940916315475
Images/luissuarez/LuisSuarez__001.jpg,luissuarez,-0.06289269849649409,-0.44317926136956215,-0.8570266245579052,0.024065596329419292,-0.5611185670915007,-0.8196984990192362,0.06423111379515622,-0.5651943403464743,-0.8192902174914463,0.09518747991822873,-0.5667803386547549,-0.8194297999474502,-0.06931330395814761,-0.5561631754876962,-0.7374493946199875,-0.09290404019504508,-0.5561627907149005,-0.7381387749650438,-0.11194090199607076,-0.5553268333972007,-0.7387786700873114,0.16420294232789304,-0.5364829169422993,-0.4599626573398376,-0.09272775555722704,-0.5122735175746429,-0.09678526061440174,-0.0017495198053590205,-0.3366938633120995,-0.7167456874782626,-0.10912107050502107,-0.32703269089627496,-0.6149508301505444,0.3139921369256338,0.0,-0.3891130143658446,-0.3139921369256338,0.0,0.3891130143658446,0.3739491005803214,0.8015833544220292,-0.7136691854895332,-0.9315446105790645,0.274909871458385,-0.40312006263423206,-0.18190534271288408,1.1790660660635208,-0.9514313473384473,-0.4605929280182321,-0.09731440039268824,-1.3789684285089228,-0.31906509905574043,1.2810630059141233,-1.1039663044492964,-0.32938616101480084,-0.16920454539208102,-1.5772883650943288,-0.3488371219717658,1.1841881781474781,-1.004111836650559,-0.26754807834955596,-0.19781641395792693,-1.37364063328114,-0.3173165208008009,1.15382249987826,-0.8974384189106732,-0.2896050286434639,-0.16498953786001103,-1.3200293667440695,0.13890567022537847,1.179061606606802,0.5406680929660197,-0.21442464739623776,1.2238791169781005,0.979985444258958,0.17069839094324513,1.9855750704181694,0.26246500020643704,-0.49345518152060097,1.9682122998139255,0.6243062532569035,0.26653142402277674,2.6903459223692296,1.4342286052368356,-0.4192437187507606,2.5987340734457245,1.9325030491171835,0.29016268751907903,2.7741073245646355,1.5349955350401432,-0.3655730630354123,2.693410971820043,2.059360067243415,0.23684289371188827,3.1174343094912813,1.0095005498939817,-0.553647111206725,2.956604051329495,1.635163864286407,2.1660130263455697,1.8948634906864141,1.0668135943172703,1.707315971906766,2.1318317508557914,2.173823775845783,1.7821203628578206,1.557618198421857,1.3746278846037079,1.6293422487449096,0.7417622404327668,1.5259449369319495,1.4571101072631967,3.060394071697295,3.2655400954584812,0.6696696483736924,2.6046015956182633,0.7110426521934727,0.9491326799634279,2.087063141111655,0.30312011424236635
Images/luissuarez/LuisSuarez_008.jpg,luissuarez,-0.13976736994179048,-0.4903503407696566,-0.652372682632631,-0.09268344052276169,-0.5541232150205924,-0.6606536201338501,-0.07422568937266087,-0.550158633003093,-0.6610905173732181,-0.05236720508747776,-0.5466156472397398,-0.6617272204421273,-0.12119520060860478,-0.5600308917569762,-0.5723655088591936,-0.12617007304979982,-0.5594904220576352,-0.5718717338480468,-0.13041676759890744,-0.5601471712308025,-0.5719862661745267,0.03376338672097621,-0.4694994919325935,-0.49650765053076196,-0.08676954517133716,-0.5016965319576773,-0.08558957077292126,-0.1170135771500875,-0.3857786767692784,-0.576856436171726,-0.15196640895105884,-0.39441741228592286,-0.45800234843796067,0.2224348249109358,0.0,-0.4477976648742614,-0.2224348249109358,0.0,0.4477976648742614,0.4873359517463602,0.5590379149749969,-0.47758944768715694,-0.2849313767619262,0.6210398830890007,0.8613219740584122,0.2528425039548873,0.8680942671674338,-0.6533825867412534,-0.33979447567457155,0.9769298605027327,0.46354071340981773,0.17613904541165992,1.0136839719930895,-0.7872546502641385,-0.3443924933357472,1.1244945647673121,0.41420425654053955,0.13358898074937253,0.9398209684329722,-0.7911413267720847,-0.33956646266178026,1.0633737847587783,0.28763670359648574,0.14346585440939497,0.9049996145825755,-0.6392582565500033,-0.31400289999674547,1.0215376447025903,0.4052812216445599,0.014467498478789049,1.1428786543478642,0.18607210990196946,-0.1915023011507651,1.0872186469110383,0.7396714246486007,-0.04908759581819981,1.9123808054297606,0.036239768172913696,-0.2713465953365611,1.687508863702564,0.6192787457181552,-0.1449323832144524,2.460792160659305,1.199422998547639,-0.3127012276622629,2.2278991806487087,1.6433158586076393,-0.12751117355138708,2.53191805625964,1.2911381897676901,-0.2956711968578547,2.327256644887574,1.7353169922524292,-0.27747939087854484,2.7316439756192237,0.9012465017054507,-0.444839799014501,2.425998193275685,1.4024863104293726,2.025664088778101,1.7206028200219348,0.8102898216030042,0.34332261639749584,2.444005289625476,2.656325376542192,1.8237279577229124,1.8605737788708188,1.2690868506218687,1.4140421796469966,1.8542342731005614,1.1155383423046616,1.1334558796130216,2.7413717338426618,2.786001404893407,0.4138931877362149,2.671351875082666,0.9228202270769107,0.7918566070595929,2.849943454184436,0.3881492661554099
